taxonUUID,TT_tfNameCode,taxonRank,TT_scientificName,TT_speciesKey
dda23863-c926-4aee-9f19-e999052e6324,,order,Pyramimonadales,Plantae-Viridiplantae-Chlorophytes-Chlorophyta-Pyramimonadophyceae-Pyramimonadales-Pyramimonadales
63d4dce0-cc39-4f7d-b451-936c1d439b0f,,genus,Tetraselmis,Plantae-Viridiplantae-Chlorophytes-Chlorophyta-Chlorodendrophyceae-Chlorodendrales-Chlorodendraceae-Tetraselmis-Tetraselmis
d3482b07-e2d4-4f23-a2c3-fc493e52de96,,family,Botryococcaceae,Plantae-Viridiplantae-Chlorophytes-Chlorophyta-Trebouxiophyceae-Trebouxiales-Botryococcaceae-Botryococcaceae
db1592e6-96a3-4004-96a2-187575473655,,genus,Halosphaera,Plantae-Viridiplantae-Chlorophytes-Chlorophyta-Pyramimonadophyceae-Pyramimonadales-Pyramimonadaceae-Halosphaera-Halosphaera
914b45f6-870c-4066-883c-0a83d4da6b8b,,phylum,Chlorophyta,Plantae-Viridiplantae-Chlorophytes-Chlorophyta-Chlorophyta
6b7b23fb-0fbd-464e-a83d-b1b1b8aceb43,,class,Trebouxiophyceae,Plantae-Viridiplantae-Chlorophytes-Chlorophyta-Trebouxiophyceae-Trebouxiophyceae
83e18e56-c269-4560-bd38-fc4d5791c775,,order,Chlorellales,Plantae-Viridiplantae-Chlorophytes-Chlorophyta-Trebouxiophyceae-Chlorellales-Chlorellales
35c2f033-7a05-4cf9-adbf-0c9690e9bdd3,,family,Chlorellaceae,Plantae-Viridiplantae-Chlorophytes-Chlorophyta-Trebouxiophyceae-Chlorellales-Chlorellaceae-Chlorellaceae
35098854-7b53-4742-aeef-00ffefad6a4c,,class,Chlorophyceae,Plantae-Viridiplantae-Chlorophytes-Chlorophyta-Chlorophyceae-Chlorophyceae
283849f4-b2af-4bf4-9f3c-56f652358855,,order,Tetrasporales,Plantae-Viridiplantae-Chlorophytes-Chlorophyta-Chlorophyceae-Tetrasporales-Tetrasporales
393c1148-f3c6-43c9-911c-a83b19f73761,,family,Gloeocystaceae,Plantae-Viridiplantae-Chlorophytes-Chlorophyta-Chlorophyceae-Tetrasporales-Gloeocystaceae-Gloeocystaceae
23bfdb90-a8a5-44f9-af78-cacd4bd0681b,,family,Palmellaceae,Plantae-Viridiplantae-Chlorophytes-Chlorophyta-Chlorophyceae-Tetrasporales-Palmellaceae-Palmellaceae
6501640e-66ea-4632-a835-f6490684e2e3,,class,Ulvophyceae,Plantae-Viridiplantae-Chlorophytes-Chlorophyta-Ulvophyceae-Ulvophyceae
b9aa8575-b5b2-4b94-aaae-975548205a6e,,order,Ulvales,Plantae-Viridiplantae-Chlorophytes-Chlorophyta-Ulvophyceae-Ulvales-Ulvales
cc55f162-08cd-448a-8588-1843fd021487,,family,Ulvaceae,Plantae-Viridiplantae-Chlorophytes-Chlorophyta-Ulvophyceae-Ulvales-Ulvaceae-Ulvaceae
f0a6d155-fdc0-43d1-a604-09f466555ee8,,order,Volvocales,Plantae-Viridiplantae-Chlorophytes-Chlorophyta-Chlorophyceae-Volvocales-Volvocales
d9d19103-642d-4a49-be74-302f14f70b1c,,family,Chlamydomonadaceae,Plantae-Viridiplantae-Chlorophytes-Chlorophyta-Chlorophyceae-Volvocales-Chlamydomonadaceae-Chlamydomonadaceae
b5c53bc4-0e24-44a0-9c02-9f34a050960a,,family,Volvocaceae,Plantae-Viridiplantae-Chlorophytes-Chlorophyta-Chlorophyceae-Volvocales-Volvocaceae-Volvocaceae
9dd6b26f-32e8-4819-ac92-6f03a537bbef,,order,Chlorococcales,Plantae-Viridiplantae-Chlorophytes-Chlorophyta-Chlorophyceae-Chlorococcales-Chlorococcales
55942c25-1627-4c9b-8464-ffac1acf7c59,,family,Hydrodictyaceae,Plantae-Viridiplantae-Chlorophytes-Chlorophyta-Chlorophyceae-Chlorococcales-Hydrodictyaceae-Hydrodictyaceae
10f5203a-4ba9-49f3-a703-c318f670715c,,family,Oocystaceae,Plantae-Viridiplantae-Chlorophytes-Chlorophyta-Chlorophyceae-Chlorococcales-Oocystaceae-Oocystaceae
13cdd4ba-f0b9-4d6e-9542-f90c26e041d5,,family,Coelastraceae,Plantae-Viridiplantae-Chlorophytes-Chlorophyta-Chlorophyceae-Chlorococcales-Coelastraceae-Coelastraceae
69e4f27b-69b1-4394-8de0-be0cf9c23061,,family,Scenedesmaceae,Plantae-Viridiplantae-Chlorophytes-Chlorophyta-Chlorophyceae-Chlorococcales-Scenedesmaceae-Scenedesmaceae
a92f903f-458e-48ae-b2bd-8955fa675877,,family,Radiococcaceae,Plantae-Viridiplantae-Chlorophytes-Chlorophyta-Chlorophyceae-Chlorococcales-Radiococcaceae-Radiococcaceae
d9765d5f-a491-4b8d-9c82-8bee784d611c,,family,Chlorococcaceae,Plantae-Viridiplantae-Chlorophytes-Chlorophyta-Chlorophyceae-Chlorococcales-Chlorococcaceae-Chlorococcaceae
98d86732-4745-40d8-963d-d67af778ea43,,family,Dictyosphaeriaceae,Plantae-Viridiplantae-Chlorophytes-Chlorophyta-Chlorophyceae-Chlorococcales-Dictyosphaeriaceae-Dictyosphaeriaceae
b657487b-ee2c-4674-8b40-2997a54fa551,,order,Oedogoniales,Plantae-Viridiplantae-Chlorophytes-Chlorophyta-Chlorophyceae-Oedogoniales-Oedogoniales
41b34ef4-c5eb-4d04-a309-86fbc2ce0875,,family,Oedogoniaceae,Plantae-Viridiplantae-Chlorophytes-Chlorophyta-Chlorophyceae-Oedogoniales-Oedogoniaceae-Oedogoniaceae
aab656bf-60d5-4db4-9a09-a533026836c9,,class,Zygnematophyceae,Plantae-Viridiplantae-Chlorophytes-Chlorophyta-Zygnematophyceae-Zygnematophyceae
0be36994-8b02-4bd1-b545-fe7e6107d910,,order,Zygnematales,Plantae-Viridiplantae-Chlorophytes-Chlorophyta-Zygnematophyceae-Zygnematales-Zygnematales
3783aa3a-fb32-4665-8ce6-fe30faa580bf,,family,Desmidiaceae,Plantae-Viridiplantae-Chlorophytes-Chlorophyta-Zygnematophyceae-Zygnematales-Desmidiaceae-Desmidiaceae
e2c3e7cd-c6b1-4f35-aa5a-0e3c2511e94b,,family,Zygnemataceae,Plantae-Viridiplantae-Chlorophytes-Chlorophyta-Zygnematophyceae-Zygnematales-Zygnemataceae-Zygnemataceae
c465fde5-a88f-40fe-ab32-7b6e8c5d5e36,,family,Mesotaeniaceae,Plantae-Viridiplantae-Chlorophytes-Chlorophyta-Zygnematophyceae-Zygnematales-Mesotaeniaceae-Mesotaeniaceae
287e924b-3f31-4cc0-a935-b042b0c264d7,,order,Chaetophorales,Plantae-Viridiplantae-Chlorophytes-Chlorophyta-Chlorophyceae-Chaetophorales-Chaetophorales
8315ece0-df0c-4802-be0b-f5d93a76baa3,,family,Chaetophoraceae,Plantae-Viridiplantae-Chlorophytes-Chlorophyta-Chlorophyceae-Chaetophorales-Chaetophoraceae-Chaetophoraceae
5ee1f5d0-f953-4ee9-ba0f-34e707ecf113,,order,Ulotrichales,Plantae-Viridiplantae-Chlorophytes-Chlorophyta-Ulvophyceae-Ulotrichales-Ulotrichales
d69051d7-3627-4f71-8305-c9b537b5f4a1,,family,Ulotrichaceae,Plantae-Viridiplantae-Chlorophytes-Chlorophyta-Ulvophyceae-Ulotrichales-Ulotrichaceae-Ulotrichaceae
01a4e2d9-7fee-4153-abf4-2cfdea62f5a5,,order,Cladophorales,Plantae-Viridiplantae-Chlorophytes-Chlorophyta-Ulvophyceae-Cladophorales-Cladophorales
7022349b-51ce-4c50-8eca-322622d0e364,,family,Cladophoraceae,Plantae-Viridiplantae-Chlorophytes-Chlorophyta-Ulvophyceae-Cladophorales-Cladophoraceae-Cladophoraceae
556f2df5-47ef-4242-9775-3b77f067837c,C303120303050402040107017000600000000,genus,Acrophorus,Plantae-Viridiplantae-Streptophyta-Embryophyta-Tracheophytina-Euphyllophytes-Polypodiopsida-Polypodiidae-Polypodiales-Dryopteridaceae-Acrophorus-Acrophorus
6e933f9e-171f-4876-869d-a2e2380238b5,C303120303050402050527010001200000000,genus,Bryophyllum,Plantae-Viridiplantae-Streptophyta-Embryophyta-Tracheophytina-Euphyllophytes-Spermatopsida-Magnoliidae-Saxifragales-Crassulaceae-Bryophyllum-Bryophyllum
5f38f3ad-eef3-40db-9593-09b5d352ae41,C303120303050402050559011003300000000,genus,Conyza,Plantae-Viridiplantae-Streptophyta-Embryophyta-Tracheophytina-Euphyllophytes-Spermatopsida-Magnoliidae-Asterales-Asteraceae-Conyza-Conyza
e807f2a8-17fd-45bc-a81a-89792e94ddaa,C303120303050402040107023007000000000,genus,Crypsinus,Plantae-Viridiplantae-Streptophyta-Embryophyta-Tracheophytina-Euphyllophytes-Polypodiopsida-Polypodiidae-Polypodiales-Polypodiaceae-Crypsinus-Crypsinus
df4b19b9-9922-4bba-a288-677a0b7f1c1d,,species,"Tetraselmis elliptica (G.M.Smith) R.E.Norris, Hori & Chihara","Plantae-Viridiplantae-Chlorophytes-Chlorophyta-Chlorodendrophyceae-Chlorodendrales-Chlorodendraceae-Tetraselmis-elliptica-Tetraselmis elliptica (G.M.Smith) R.E.Norris, Hori & Chihara"
5475ab3a-7e30-42c8-8108-cbd9c9d3251c,,species,Tetraselmis subcordiformis (Wille) Butcher,Plantae-Viridiplantae-Chlorophytes-Chlorophyta-Chlorodendrophyceae-Chlorodendrales-Chlorodendraceae-Tetraselmis-subcordiformis-Tetraselmis subcordiformis (Wille) Butcher
7bd9e0ed-8749-4803-b987-e4f0edc17272,,genus,Dichotomococcus,Plantae-Viridiplantae-Chlorophytes-Chlorophyta-Trebouxiophyceae-Trebouxiales-Botryococcaceae-Dichotomococcus-Dichotomococcus
0325f519-67dd-493b-ae1c-3d40095d1c26,,species,Halosphaera viridis F.Schmitz,Plantae-Viridiplantae-Chlorophytes-Chlorophyta-Pyramimonadophyceae-Pyramimonadales-Pyramimonadaceae-Halosphaera-viridis-Halosphaera viridis F.Schmitz
7c4f7f44-6de2-4dd5-b6bf-7100f249ea3b,,genus,Ankistrodesmus,Plantae-Viridiplantae-Chlorophytes-Chlorophyta-Trebouxiophyceae-Chlorellales-Chlorellaceae-Ankistrodesmus-Ankistrodesmus
932b2d5b-ee0d-40ca-a6e2-2833a85beaa3,,genus,Chlorella,Plantae-Viridiplantae-Chlorophytes-Chlorophyta-Trebouxiophyceae-Chlorellales-Chlorellaceae-Chlorella-Chlorella
b77abcad-ab1b-4c17-a686-a5be27b4d4ac,,genus,Closteriopsis,Plantae-Viridiplantae-Chlorophytes-Chlorophyta-Trebouxiophyceae-Chlorellales-Chlorellaceae-Closteriopsis-Closteriopsis
9c51a25b-d13b-409f-8356-27f2db803ed6,,genus,Gloeocystis,Plantae-Viridiplantae-Chlorophytes-Chlorophyta-Chlorophyceae-Tetrasporales-Gloeocystaceae-Gloeocystis-Gloeocystis
da790fc2-cae4-4317-91ee-8184d9905fbd,,genus,Sphaerocystis,Plantae-Viridiplantae-Chlorophytes-Chlorophyta-Chlorophyceae-Tetrasporales-Palmellaceae-Sphaerocystis-Sphaerocystis
50942b51-7aaf-452d-ae61-6649f4c37820,,genus,Ulva,Plantae-Viridiplantae-Chlorophytes-Chlorophyta-Ulvophyceae-Ulvales-Ulvaceae-Ulva-Ulva
174b5639-22ed-4149-8ec7-333a48fbbf06,,genus,Chlamydomonas,Plantae-Viridiplantae-Chlorophytes-Chlorophyta-Chlorophyceae-Volvocales-Chlamydomonadaceae-Chlamydomonas-Chlamydomonas
4ae52eee-f76d-4b5d-8c85-87280ea77ad4,,genus,Pandorina,Plantae-Viridiplantae-Chlorophytes-Chlorophyta-Chlorophyceae-Volvocales-Volvocaceae-Pandorina-Pandorina
d5449d29-44d0-4958-8db9-121aace5d19a,,genus,Hydrodictyon,Plantae-Viridiplantae-Chlorophytes-Chlorophyta-Chlorophyceae-Chlorococcales-Hydrodictyaceae-Hydrodictyon-Hydrodictyon
c9b80191-202f-439b-a5af-06cbae4abde9,,genus,Pediastrum,Plantae-Viridiplantae-Chlorophytes-Chlorophyta-Chlorophyceae-Chlorococcales-Hydrodictyaceae-Pediastrum-Pediastrum
f1ef6170-ae7b-4097-a629-d932ece28f4d,,genus,Stauridium,Plantae-Viridiplantae-Chlorophytes-Chlorophyta-Chlorophyceae-Chlorococcales-Hydrodictyaceae-Stauridium-Stauridium
5e6afff0-01bd-4f61-a9dc-cc87856341c4,,genus,Chodatella,Plantae-Viridiplantae-Chlorophytes-Chlorophyta-Chlorophyceae-Chlorococcales-Oocystaceae-Chodatella-Chodatella
6d021418-6a63-422c-861d-ceceeb56a32e,,genus,Kirchneriella,Plantae-Viridiplantae-Chlorophytes-Chlorophyta-Chlorophyceae-Chlorococcales-Oocystaceae-Kirchneriella-Kirchneriella
24962ef6-4328-4596-b708-74eb8c8b9d86,,genus,Monoraphidium,Plantae-Viridiplantae-Chlorophytes-Chlorophyta-Chlorophyceae-Chlorococcales-Oocystaceae-Monoraphidium-Monoraphidium
cc5ef576-aa0c-4ec9-8d10-e94a3d976c0f,,genus,Oocystis,Plantae-Viridiplantae-Chlorophytes-Chlorophyta-Chlorophyceae-Chlorococcales-Oocystaceae-Oocystis-Oocystis
697d3082-ca88-4972-aae7-573c670c2c6c,,genus,Tetradesmus,Plantae-Viridiplantae-Chlorophytes-Chlorophyta-Chlorophyceae-Chlorococcales-Coelastraceae-Tetradesmus-Tetradesmus
db6a4107-f474-4aac-ab05-759ede653462,,genus,Coelastrum,Plantae-Viridiplantae-Chlorophytes-Chlorophyta-Chlorophyceae-Chlorococcales-Scenedesmaceae-Coelastrum-Coelastrum
644cbb9a-13a0-4fed-bc9c-c3b86d50566f,,genus,Crucigenia,Plantae-Viridiplantae-Chlorophytes-Chlorophyta-Chlorophyceae-Chlorococcales-Scenedesmaceae-Crucigenia-Crucigenia
20165825-6bef-4846-af93-1768cb818603,,genus,Scenedesmus,Plantae-Viridiplantae-Chlorophytes-Chlorophyta-Chlorophyceae-Chlorococcales-Scenedesmaceae-Scenedesmus-Scenedesmus
4cacfb1d-d6a4-4eea-875b-c256d5d2a9db,,genus,Tetrastrum,Plantae-Viridiplantae-Chlorophytes-Chlorophyta-Chlorophyceae-Chlorococcales-Scenedesmaceae-Tetrastrum-Tetrastrum
7b433a5b-2c9d-4125-877e-520b6fdfeaf5,,genus,Coenocystis,Plantae-Viridiplantae-Chlorophytes-Chlorophyta-Chlorophyceae-Chlorococcales-Radiococcaceae-Coenocystis-Coenocystis
b2fb1840-3dac-4d16-9e65-aa2cc3621649,,genus,Schroederia,Plantae-Viridiplantae-Chlorophytes-Chlorophyta-Chlorophyceae-Chlorococcales-Chlorococcaceae-Schroederia-Schroederia
d6517b1e-fa3b-4c84-89a0-f6e42c8e0763,,genus,Tetraedron,Plantae-Viridiplantae-Chlorophytes-Chlorophyta-Chlorophyceae-Chlorococcales-Chlorococcaceae-Tetraedron-Tetraedron
e7636b1a-96a2-4939-89b3-bd701911d049,,genus,Dictyosphaerium,Plantae-Viridiplantae-Chlorophytes-Chlorophyta-Chlorophyceae-Chlorococcales-Dictyosphaeriaceae-Dictyosphaerium-Dictyosphaerium
5ff2f852-1e7a-40fb-ba48-a557eb17a054,,genus,Oedogonium,Plantae-Viridiplantae-Chlorophytes-Chlorophyta-Chlorophyceae-Oedogoniales-Oedogoniaceae-Oedogonium-Oedogonium
bca0fa73-3511-4b66-a25e-f422ca865829,,genus,Closterium,Plantae-Viridiplantae-Chlorophytes-Chlorophyta-Zygnematophyceae-Zygnematales-Desmidiaceae-Closterium-Closterium
00f96ce7-ac10-45f6-adb6-1bddbbefa2ba,,genus,Cosmarium,Plantae-Viridiplantae-Chlorophytes-Chlorophyta-Zygnematophyceae-Zygnematales-Desmidiaceae-Cosmarium-Cosmarium
c6535667-84c4-4f9d-b1fe-cb9d33dccc7d,,genus,Penium,Plantae-Viridiplantae-Chlorophytes-Chlorophyta-Zygnematophyceae-Zygnematales-Desmidiaceae-Penium-Penium
23272f90-c0f3-4792-841c-de250949a9dc,,genus,Spirogyra,Plantae-Viridiplantae-Chlorophytes-Chlorophyta-Zygnematophyceae-Zygnematales-Zygnemataceae-Spirogyra-Spirogyra
6ab90674-b1ef-45e8-a120-fd90298fbaa6,,genus,Hyaloraphidium,Plantae-Viridiplantae-Chlorophytes-Chlorophyta-Chlorophyceae-Chlorococcales-Oocystaceae-Hyaloraphidium-Hyaloraphidium
a56cb6ac-f9e2-4049-921f-756c786eba94,,genus,Cylindrocystis,Plantae-Viridiplantae-Chlorophytes-Chlorophyta-Zygnematophyceae-Zygnematales-Mesotaeniaceae-Cylindrocystis-Cylindrocystis
d6df1f7b-1495-4f43-88a3-17b884ea3db4,,genus,Stigeoclonium,Plantae-Viridiplantae-Chlorophytes-Chlorophyta-Chlorophyceae-Chaetophorales-Chaetophoraceae-Stigeoclonium-Stigeoclonium
27017bcf-5ad7-44bd-9846-78ea8d6811a2,,genus,Planctonema,Plantae-Viridiplantae-Chlorophytes-Chlorophyta-Ulvophyceae-Ulotrichales-Ulotrichaceae-Planctonema-Planctonema
9815ddbf-17ff-4ec7-8583-8b1ebecd4e7a,,genus,Eudorina,Plantae-Viridiplantae-Chlorophytes-Chlorophyta-Chlorophyceae-Volvocales-Volvocaceae-Eudorina-Eudorina
0301b894-4769-4ebe-950a-7eedd9642b50,,genus,Mougeotia,Plantae-Viridiplantae-Chlorophytes-Chlorophyta-Zygnematophyceae-Zygnematales-Zygnemataceae-Mougeotia-Mougeotia
7ac3ddeb-114b-484f-85a1-84e5579ebf9b,,genus,Rhizoclonium,Plantae-Viridiplantae-Chlorophytes-Chlorophyta-Ulvophyceae-Cladophorales-Cladophoraceae-Rhizoclonium-Rhizoclonium
bca6c397-2e6c-4476-8c67-c58ae0b3035e,,genus,Staurastrum,Plantae-Viridiplantae-Chlorophytes-Chlorophyta-Zygnematophyceae-Zygnematales-Desmidiaceae-Staurastrum-Staurastrum
85f9e4ab-6ac8-492a-8955-5dd86e65e313,,genus,Ulothrix,Plantae-Viridiplantae-Chlorophytes-Chlorophyta-Ulvophyceae-Ulotrichales-Ulotrichaceae-Ulothrix-Ulothrix
0eb797c1-83bc-4234-9a14-66e57a76e58c,,species,Tydemania expeditionis Weber-van Bosse,Plantae-Viridiplantae-Chlorophytes-Chlorophyta-Ulvophyceae-Bryopsidales-Udoteaceae-Tydemania-expeditionis-Tydemania expeditionis Weber-van Bosse
8d21737d-aa4d-47ee-9ef3-14f9277b60f3,,species,Chondria armata Kützing Okamura 1907,Plantae-Rhodophyta-Florideophyceae-Ceramiales-Rhodomelaceae-Chondria-armata-Chondria armata Kützing Okamura 1907
8a3d52a8-f64c-4a10-a5ba-6bbe9f16dd03,,species,Chondria ryukyuensis Yamada,Plantae-Rhodophyta-Florideophyceae-Ceramiales-Rhodomelaceae-Chondria-ryukyuensis-Chondria ryukyuensis Yamada
780d72a4-853f-40ba-929d-e3e2866f3f03,,species,Ganonema farinosum J.V.Lamouroux K.C.Fan & Yung C.Wang 1974,Plantae-Rhodophyta-Florideophyceae-Nemaliales-Liagoraceae-Ganonema-farinosum-Ganonema farinosum J.V.Lamouroux K.C.Fan & Yung C.Wang 1974
3734ec27-14df-455a-b82a-69587f7d91fe,C303120303050402040107006001600025000,species,Pteris pellucida C.Presl,Plantae-Viridiplantae-Streptophyta-Embryophyta-Tracheophytina-Euphyllophytes-Polypodiopsida-Polypodiidae-Polypodiales-Pteridaceae-Pteris-pellucida-Pteris pellucida C.Presl
0beeba17-79c1-45d3-a068-ca854108b660,C303120303050402040107007000100002000,species,Gymnocarpium remote-pinnatum (Hayata) Ching,Plantae-Viridiplantae-Streptophyta-Embryophyta-Tracheophytina-Euphyllophytes-Polypodiopsida-Polypodiidae-Polypodiales-Cystopteridaceae-Gymnocarpium-remote-pinnatum-Gymnocarpium remote-pinnatum (Hayata) Ching
d4aa94f9-9ac3-4493-97f3-6a2d37ef7f94,C303120303050402040107008000100002000,species,Hymenasplenium cataractarum (Rosenst.) N.Murak.,Plantae-Viridiplantae-Streptophyta-Embryophyta-Tracheophytina-Euphyllophytes-Polypodiopsida-Polypodiidae-Polypodiales-Aspleniaceae-Hymenasplenium-cataractarum-Hymenasplenium cataractarum (Rosenst.) N.Murak.
f28c3e57-731a-4672-b4ef-007e3bbe1313,C303120303050402040107008000100008000,species,Hymenasplenium unilaterale (Lam.) Hayata,Plantae-Viridiplantae-Streptophyta-Embryophyta-Tracheophytina-Euphyllophytes-Polypodiopsida-Polypodiidae-Polypodiales-Aspleniaceae-Hymenasplenium-unilaterale-Hymenasplenium unilaterale (Lam.) Hayata
85956fd1-6ccd-492d-b12d-2f9aa80c3884,C303120303050402040107014000300004000,species,Woodwardia prolifera Hook. & Arn.,Plantae-Viridiplantae-Streptophyta-Embryophyta-Tracheophytina-Euphyllophytes-Polypodiopsida-Polypodiidae-Polypodiales-Blechnaceae-Woodwardia-prolifera-Woodwardia prolifera Hook. & Arn.
9291eb56-bb17-44e4-baef-95571436a39d,C303120303050402040107014000300005000,species,Woodwardia unigemmata (Makino) Nakai,Plantae-Viridiplantae-Streptophyta-Embryophyta-Tracheophytina-Euphyllophytes-Polypodiopsida-Polypodiidae-Polypodiales-Blechnaceae-Woodwardia-unigemmata-Woodwardia unigemmata (Makino) Nakai
69cb9933-c587-422b-9076-9f599f024b0b,C303120303050402040107023005600002000,species,Oreogrammitis caespitosa (Blume) Parris,Plantae-Viridiplantae-Streptophyta-Embryophyta-Tracheophytina-Euphyllophytes-Polypodiopsida-Polypodiidae-Polypodiales-Polypodiaceae-Oreogrammitis-caespitosa-Oreogrammitis caespitosa (Blume) Parris
2dea6f58-6697-4220-ab29-254e5bfb2177,C303120303050402040107023006000006000,species,Radiogrammitis taiwanensis Parris & Ralf Knapp,Plantae-Viridiplantae-Streptophyta-Embryophyta-Tracheophytina-Euphyllophytes-Polypodiopsida-Polypodiidae-Polypodiales-Polypodiaceae-Radiogrammitis-taiwanensis-Radiogrammitis taiwanensis Parris & Ralf Knapp
b73f5cf7-9328-455d-b82d-b59f6309d925,C303120303050402050502003000100010000,species,Nymphaea zanzibariensis Casp.,Plantae-Viridiplantae-Streptophyta-Embryophyta-Tracheophytina-Euphyllophytes-Spermatopsida-Magnoliidae-Nymphaeales-Nymphaeaceae-Nymphaea-zanzibariensis-Nymphaea zanzibariensis Casp.
75ab21bb-eb46-4adb-a87d-6415da49f474,C303120303050402050502003000100011000,species,Nymphaea capensis Thunb.,Plantae-Viridiplantae-Streptophyta-Embryophyta-Tracheophytina-Euphyllophytes-Spermatopsida-Magnoliidae-Nymphaeales-Nymphaeaceae-Nymphaea-capensis-Nymphaea capensis Thunb.
6199ddf2-6391-451b-9e7c-02aeec0d2f30,C303120303050402050506006000100001000,species,Artabotrys odoratissimus R.Br.,Plantae-Viridiplantae-Streptophyta-Embryophyta-Tracheophytina-Euphyllophytes-Spermatopsida-Magnoliidae-Magnoliales-Annonaceae-Artabotrys-odoratissimus-Artabotrys odoratissimus R.Br.
5126dea0-6de5-437d-b4a3-948c2e2ff0b3,C303120303050402050512001000100001000,species,Aletris formosana (Hayata) Makino & Nemoto,Plantae-Viridiplantae-Streptophyta-Embryophyta-Tracheophytina-Euphyllophytes-Spermatopsida-Magnoliidae-Dioscoreales-Nartheciaceae-Aletris-formosana-Aletris formosana (Hayata) Makino & Nemoto
3fce0ebe-eea3-443a-bd90-f3594fa9930d,C303120303050402050512001000200001000,species,Metanarthecium foliatum Maxim.,Plantae-Viridiplantae-Streptophyta-Embryophyta-Tracheophytina-Euphyllophytes-Spermatopsida-Magnoliidae-Dioscoreales-Nartheciaceae-Metanarthecium-foliatum-Metanarthecium foliatum Maxim.
9d19d4b6-ef5f-48c3-905e-67c9fabdccb7,C303120303050402050513005000200001000,species,Pandanus odoratissimus L.f.,Plantae-Viridiplantae-Streptophyta-Embryophyta-Tracheophytina-Euphyllophytes-Spermatopsida-Magnoliidae-Pandanales-Pandanaceae-Pandanus-odoratissimus-Pandanus odoratissimus L.f.
e022ec04-a21f-4754-ada6-79ea404e0f64,C303120303050402050515001000800003000,species,Anoectochilus semiresupinata T.C.Hsu & S.W.Chung,Plantae-Viridiplantae-Streptophyta-Embryophyta-Tracheophytina-Euphyllophytes-Spermatopsida-Magnoliidae-Asparagales-Orchidaceae-Anoectochilus-semiresupinata-Anoectochilus semiresupinata T.C.Hsu & S.W.Chung
78f3e5e2-89c2-403f-9565-209912eabc19,C303120303050402050515001005700011000,species,Goodyera matsumurana Schltr.,Plantae-Viridiplantae-Streptophyta-Embryophyta-Tracheophytina-Euphyllophytes-Spermatopsida-Magnoliidae-Asparagales-Orchidaceae-Goodyera-matsumurana-Goodyera matsumurana Schltr.
187d3f66-b4ca-4620-b478-72705922e617,C303120303050402050515001005300018000,species,Gastrochilus japonicus (Makino) Schltr. ,Plantae-Viridiplantae-Streptophyta-Embryophyta-Tracheophytina-Euphyllophytes-Spermatopsida-Magnoliidae-Asparagales-Orchidaceae-Gastrochilus-japonicus-Gastrochilus japonicus (Makino) Schltr. 
e80f0369-b2ef-4a9c-8814-48e7f5e95256,C303120303050402050518007000700001000,species,Goeppertia picturata (K.Koch & Linden) Borchs. & S.Suárez ,Plantae-Viridiplantae-Streptophyta-Embryophyta-Tracheophytina-Euphyllophytes-Spermatopsida-Magnoliidae-Zingiberales-Marantaceae-Goeppertia-picturata-Goeppertia picturata (K.Koch & Linden) Borchs. & S.Suárez 
4713df2d-a731-4baa-bfd2-7560ec1b2118,C303120303050402050519009002500002000,species,Schoenoplectiella lineolata (Franch. & Sav.) J.Jung & H.K.Choi ,Plantae-Viridiplantae-Streptophyta-Embryophyta-Tracheophytina-Euphyllophytes-Spermatopsida-Magnoliidae-Poales-Cyperaceae-Schoenoplectiella-lineolata-Schoenoplectiella lineolata (Franch. & Sav.) J.Jung & H.K.Choi 
71d1fcde-7067-49b1-a65b-f72ace0d335c,C303120303050402050519014000300001000,species,Agrostis avenacea J.F.Gmel.,Plantae-Viridiplantae-Streptophyta-Embryophyta-Tracheophytina-Euphyllophytes-Spermatopsida-Magnoliidae-Poales-Poaceae-Agrostis-avenacea-Agrostis avenacea J.F.Gmel.
f9680eae-029c-4003-9a6f-757d3cb812ee,C303120303050402050519014000300003000,species,Agrostis dimorpholemma Ohwi,Plantae-Viridiplantae-Streptophyta-Embryophyta-Tracheophytina-Euphyllophytes-Spermatopsida-Magnoliidae-Poales-Poaceae-Agrostis-dimorpholemma-Agrostis dimorpholemma Ohwi
f79cb601-fdb5-49b5-9cb9-0a6b3b5b7014,C303120303050402050519014003100003000,species,Chloris formosana (Honda) Keng,Plantae-Viridiplantae-Streptophyta-Embryophyta-Tracheophytina-Euphyllophytes-Spermatopsida-Magnoliidae-Poales-Poaceae-Chloris-formosana-Chloris formosana (Honda) Keng
92788705-9a2d-422e-8896-1ffb41bb163d,C303120303050402050519014005000001000,species,Enteropogon dolichostachyus (Lag.) Keng,Plantae-Viridiplantae-Streptophyta-Embryophyta-Tracheophytina-Euphyllophytes-Spermatopsida-Magnoliidae-Poales-Poaceae-Enteropogon-dolichostachyus-Enteropogon dolichostachyus (Lag.) Keng
c255d13b-0777-4360-835e-ca9883575c69,C303120303050402050519014005000002000,species,Enteropogon gracilior Rendle,Plantae-Viridiplantae-Streptophyta-Embryophyta-Tracheophytina-Euphyllophytes-Spermatopsida-Magnoliidae-Poales-Poaceae-Enteropogon-gracilior-Enteropogon gracilior Rendle
0de76502-851d-4479-afb3-31ef9e22fe17,C303120303050402050527010001200001000,species,Bryophyllum delagoense (Eckl. & Zeyh.) Druce,Plantae-Viridiplantae-Streptophyta-Embryophyta-Tracheophytina-Euphyllophytes-Spermatopsida-Magnoliidae-Saxifragales-Crassulaceae-Bryophyllum-delagoense-Bryophyllum delagoense (Eckl. & Zeyh.) Druce
4dee15e6-914d-4ba1-8c98-a57661c1afd9,C303120303050402050527010001200002000,species,Bryophyllum pinnatum (Lam.) Kurz,Plantae-Viridiplantae-Streptophyta-Embryophyta-Tracheophytina-Euphyllophytes-Spermatopsida-Magnoliidae-Saxifragales-Crassulaceae-Bryophyllum-pinnatum-Bryophyllum pinnatum (Lam.) Kurz
da23fd8e-8eb6-4799-86a6-be364d24eb37,C303120303050402050527010001900003000,species,Kalanchoe gracilis Hance,Plantae-Viridiplantae-Streptophyta-Embryophyta-Tracheophytina-Euphyllophytes-Spermatopsida-Magnoliidae-Saxifragales-Crassulaceae-Kalanchoe-gracilis-Kalanchoe gracilis Hance
85882c96-7d04-413b-9d89-7ec858e672eb,C303120303050402050527010001900004000,species,Kalanchoe spathulata (Poir.) DC.,Plantae-Viridiplantae-Streptophyta-Embryophyta-Tracheophytina-Euphyllophytes-Spermatopsida-Magnoliidae-Saxifragales-Crassulaceae-Kalanchoe-spathulata-Kalanchoe spathulata (Poir.) DC.
102ecd9d-3e5f-4e2f-a3ee-d7c8b42162c5,C303120303050402050527010001900007000,species,Kalanchoe daigremontiana (Barger) Hamet & Perrier,Plantae-Viridiplantae-Streptophyta-Embryophyta-Tracheophytina-Euphyllophytes-Spermatopsida-Magnoliidae-Saxifragales-Crassulaceae-Kalanchoe-daigremontiana-Kalanchoe daigremontiana (Barger) Hamet & Perrier
36294ac8-7777-47bc-9790-a281fc8123c6,C303120303050402050530002007200002000,species,Millettia pinnata (L.) G.Panigrahi,Plantae-Viridiplantae-Streptophyta-Embryophyta-Tracheophytina-Euphyllophytes-Spermatopsida-Magnoliidae-Fabales-Fabaceae-Millettia-pinnata-Millettia pinnata (L.) G.Panigrahi
282e4681-4833-4aa2-8e7a-8d55dc6225cd,C303120303050402050530002009600002000,species,Smithia sensitiva Aiton,Plantae-Viridiplantae-Streptophyta-Embryophyta-Tracheophytina-Euphyllophytes-Spermatopsida-Magnoliidae-Fabales-Fabaceae-Smithia-sensitiva-Smithia sensitiva Aiton
ede8a7cf-7ea6-4541-9565-eb55a1829c53,C303120303050402050531001002800029000,species,Rubus rolfei Vidal,Plantae-Viridiplantae-Streptophyta-Embryophyta-Tracheophytina-Euphyllophytes-Spermatopsida-Magnoliidae-Rosales-Rosaceae-Rubus-rolfei-Rubus rolfei Vidal
41aa0a6b-7dd6-44a8-a2e2-5977163adfe4,C303120303050402050531001002800040000,species,Rubus hayatakoidzumii Naruh.,Plantae-Viridiplantae-Streptophyta-Embryophyta-Tracheophytina-Euphyllophytes-Spermatopsida-Magnoliidae-Rosales-Rosaceae-Rubus-hayatakoidzumii-Rubus hayatakoidzumii Naruh.
14a13feb-7239-45a0-a29e-8762e822299a,C303120303050402050532002000200001000,species,Castanopsis chinensis Hance,Plantae-Viridiplantae-Streptophyta-Embryophyta-Tracheophytina-Euphyllophytes-Spermatopsida-Magnoliidae-Fagales-Fagaceae-Castanopsis-chinensis-Castanopsis chinensis Hance
454bdbaf-f038-43c9-a911-36b8fcfa9507,C303120303050402050533008000100001000,species,Begonia aptera Blume,Plantae-Viridiplantae-Streptophyta-Embryophyta-Tracheophytina-Euphyllophytes-Spermatopsida-Magnoliidae-Cucurbitales-Begoniaceae-Begonia-aptera-Begonia aptera Blume
3706fe13-e22f-419e-a04d-29f1a55a32a4,C303120303050402050533008000100021000,species,Begonia tarokoensis M.J.Lai,Plantae-Viridiplantae-Streptophyta-Embryophyta-Tracheophytina-Euphyllophytes-Spermatopsida-Magnoliidae-Cucurbitales-Begoniaceae-Begonia-tarokoensis-Begonia tarokoensis M.J.Lai
86bfb214-1549-4692-a8fe-ff927bb32384,C303120303050402050533008000100049000,species,Begonia wallichiana Steud.,Plantae-Viridiplantae-Streptophyta-Embryophyta-Tracheophytina-Euphyllophytes-Spermatopsida-Magnoliidae-Cucurbitales-Begoniaceae-Begonia-wallichiana-Begonia wallichiana Steud.
46b10cce-e0ed-4124-960e-b0985f54e108,C303120303050402050534002000200008000,species,Euonymus pallidifolia Hayata,Plantae-Viridiplantae-Streptophyta-Embryophyta-Tracheophytina-Euphyllophytes-Spermatopsida-Magnoliidae-Celastrales-Celastraceae-Euonymus-pallidifolia-Euonymus pallidifolia Hayata
00366162-e012-4d50-86e6-04caabe0b947,C303120303050402050536032000500001000,species,Codiaeum variegatum (L.) Rumph. ex A.Juss. ,Plantae-Viridiplantae-Streptophyta-Embryophyta-Tracheophytina-Euphyllophytes-Spermatopsida-Magnoliidae-Malpighiales-Euphorbiaceae-Codiaeum-variegatum-Codiaeum variegatum (L.) Rumph. ex A.Juss. 
8b78533a-fd01-4bbb-998e-ed358b1e277b,C303120303050402050538006000400004000,species,Bredia laisherana C.L.Yeh & C.R.Yeh,Plantae-Viridiplantae-Streptophyta-Embryophyta-Tracheophytina-Euphyllophytes-Spermatopsida-Magnoliidae-Myrtales-Melastomataceae-Bredia-laisherana-Bredia laisherana C.L.Yeh & C.R.Yeh
5decba68-3a3d-452d-82a0-d16b1901b5dd,C303120303050402050542006000100003000,species,Acer kawakamii Koidz.,Plantae-Viridiplantae-Streptophyta-Embryophyta-Tracheophytina-Euphyllophytes-Spermatopsida-Magnoliidae-Sapindales-Sapindaceae-Acer-kawakamii-Acer kawakamii Koidz.
bd83bed4-74a4-4f91-b383-fbf3ffcf212e,C303120303050402050542007000600001000,species,Glycosmis citrifolia (Willd.) Lindl.,Plantae-Viridiplantae-Streptophyta-Embryophyta-Tracheophytina-Euphyllophytes-Spermatopsida-Magnoliidae-Sapindales-Rutaceae-Glycosmis-citrifolia-Glycosmis citrifolia (Willd.) Lindl.
2f44dcbc-93a2-4f4f-b942-0ce904bd909b,C303120303050402050542007000600002000,species,Glycosmis parviflora (Sims) Kurz.,Plantae-Viridiplantae-Streptophyta-Embryophyta-Tracheophytina-Euphyllophytes-Spermatopsida-Magnoliidae-Sapindales-Rutaceae-Glycosmis-parviflora-Glycosmis parviflora (Sims) Kurz.
e0064f98-cadc-4b87-8dde-42a2b178494b,C303120303050402050543004002200001000,species,Pachira aquatica Aubl.,Plantae-Viridiplantae-Streptophyta-Embryophyta-Tracheophytina-Euphyllophytes-Spermatopsida-Magnoliidae-Malvales-Malvaceae-Pachira-aquatica-Pachira aquatica Aubl.
493dec80-d617-4bc3-8eed-24fbcd058ebd,C303120303050402050543004002900004000,species,Triumfetta tomentosa Baker,Plantae-Viridiplantae-Streptophyta-Embryophyta-Tracheophytina-Euphyllophytes-Spermatopsida-Magnoliidae-Malvales-Malvaceae-Triumfetta-tomentosa-Triumfetta tomentosa Baker
acccc41e-b476-4666-be2b-a4ed4765058a,C303120303050402050544017001100001000,species,Cardamine agyokumontana Hayata,Plantae-Viridiplantae-Streptophyta-Embryophyta-Tracheophytina-Euphyllophytes-Spermatopsida-Magnoliidae-Brassicales-Brassicaceae-Cardamine-agyokumontana-Cardamine agyokumontana Hayata
5f6091fd-dab6-4bbd-8957-3953d74df9e9,C303120303050402050544017001100005000,species,Cardamine nipponica Franch. & Sav.,Plantae-Viridiplantae-Streptophyta-Embryophyta-Tracheophytina-Euphyllophytes-Spermatopsida-Magnoliidae-Brassicales-Brassicaceae-Cardamine-nipponica-Cardamine nipponica Franch. & Sav.
35b6cb36-b0eb-4f2b-b488-1e96ec0dd975,C303120303050402050549011000600012000,species,Lysimachia formosana Honda,Plantae-Viridiplantae-Streptophyta-Embryophyta-Tracheophytina-Euphyllophytes-Spermatopsida-Magnoliidae-Ericales-Primulaceae-Lysimachia-formosana-Lysimachia formosana Honda
b1c65ca9-7365-47c1-8b83-983de20e6eee,C303120303050402050549012000100007000,species,Camellia kissi Wallich,Plantae-Viridiplantae-Streptophyta-Embryophyta-Tracheophytina-Euphyllophytes-Spermatopsida-Magnoliidae-Ericales-Theaceae-Camellia-kissi-Camellia kissi Wallich
b6b118ff-47fd-4b54-b6ff-2f053ca165fa,C303120303050402050553001000800001000,species,Gardenia jasminoides Ellis,Plantae-Viridiplantae-Streptophyta-Embryophyta-Tracheophytina-Euphyllophytes-Spermatopsida-Magnoliidae-Gentianales-Rubiaceae-Gardenia-jasminoides-Gardenia jasminoides Ellis
1b1c6e7b-2f7e-4fc4-9978-171188181ce7,C303120303050402050553001000800002000,species,Gardenia angusta Merr.,Plantae-Viridiplantae-Streptophyta-Embryophyta-Tracheophytina-Euphyllophytes-Spermatopsida-Magnoliidae-Gentianales-Rubiaceae-Gardenia-angusta-Gardenia angusta Merr.
15c1e784-bcef-4d63-a147-a6864c555d51,C303120303050402050553002001400001000,species,Lomatogonium chilaiensis C.H.Chen & J.C.Wang,Plantae-Viridiplantae-Streptophyta-Embryophyta-Tracheophytina-Euphyllophytes-Spermatopsida-Magnoliidae-Gentianales-Gentianaceae-Lomatogonium-chilaiensis-Lomatogonium chilaiensis C.H.Chen & J.C.Wang
ff25ecce-914d-4021-84e1-fee34d3d0852,C303120303050402050553005000300003000,species,Cynanchum formosanum (Maxim.) Hemsl. ex Forbes & Hemsl.,Plantae-Viridiplantae-Streptophyta-Embryophyta-Tracheophytina-Euphyllophytes-Spermatopsida-Magnoliidae-Gentianales-Apocynaceae-Cynanchum-formosanum-Cynanchum formosanum (Maxim.) Hemsl. ex Forbes & Hemsl.
31834062-03e8-48da-9c0d-4691ce58e3b0,C303120303050402050554001000500004000,species,Cynoglossum amabile Stapf & Drumm.,Plantae-Viridiplantae-Streptophyta-Embryophyta-Tracheophytina-Euphyllophytes-Spermatopsida-Magnoliidae-Boraginales-Boraginaceae-Cynoglossum-amabile-Cynoglossum amabile Stapf & Drumm.
090af790-e92f-48bf-8994-2d85849d9a09,C303120303050402050557020000100014000,species,Salvia splendens Ker-Gawl.,Plantae-Viridiplantae-Streptophyta-Embryophyta-Tracheophytina-Euphyllophytes-Spermatopsida-Magnoliidae-Lamiales-Lamiaceae-Salvia-splendens-Salvia splendens Ker-Gawl.
41fdacdf-9d12-4548-a433-44589cffd48b,C303120303050402050559011003300001000,species,Conyza aegyptiaca (L.) Aiton,Plantae-Viridiplantae-Streptophyta-Embryophyta-Tracheophytina-Euphyllophytes-Spermatopsida-Magnoliidae-Asterales-Asteraceae-Conyza-aegyptiaca-Conyza aegyptiaca (L.) Aiton
e2444289-67bd-44b5-9a6c-82f54ce37d96,C303120303050402050559011003300002000,species,Conyza bonariensis (L.) Cronq.,Plantae-Viridiplantae-Streptophyta-Embryophyta-Tracheophytina-Euphyllophytes-Spermatopsida-Magnoliidae-Asterales-Asteraceae-Conyza-bonariensis-Conyza bonariensis (L.) Cronq.
afc1f6d0-2ff3-4f40-8e97-c86b7d1f64fc,C303120303050402050559011003300003000,species,Conyza canadensis (L.) Cronq.,Plantae-Viridiplantae-Streptophyta-Embryophyta-Tracheophytina-Euphyllophytes-Spermatopsida-Magnoliidae-Asterales-Asteraceae-Conyza-canadensis-Conyza canadensis (L.) Cronq.
6fccdaea-2563-4a41-8ff4-8921ba703aa2,C303120303050402050559011003300004000,species,Conyza japonica (Thunb.) Less.,Plantae-Viridiplantae-Streptophyta-Embryophyta-Tracheophytina-Euphyllophytes-Spermatopsida-Magnoliidae-Asterales-Asteraceae-Conyza-japonica-Conyza japonica (Thunb.) Less.
385cf856-ce13-42f8-8263-04dbd3636b63,C303120303050402050559011003300005000,species,Conyza leucantha (D.Don) Ludlow & P.H.Raven,Plantae-Viridiplantae-Streptophyta-Embryophyta-Tracheophytina-Euphyllophytes-Spermatopsida-Magnoliidae-Asterales-Asteraceae-Conyza-leucantha-Conyza leucantha (D.Don) Ludlow & P.H.Raven
35a817d3-681f-4742-b676-6330942d28cf,C303120303050402050559011003300006000,species,Conyza sumatrensis (Retz.) Walker,Plantae-Viridiplantae-Streptophyta-Embryophyta-Tracheophytina-Euphyllophytes-Spermatopsida-Magnoliidae-Asterales-Asteraceae-Conyza-sumatrensis-Conyza sumatrensis (Retz.) Walker
5a1b206a-62cf-4887-a0ff-82014668ed49,C303120303050402050559011004000001000,species,Erigeron annuus (L.) Pers.,Plantae-Viridiplantae-Streptophyta-Embryophyta-Tracheophytina-Euphyllophytes-Spermatopsida-Magnoliidae-Asterales-Asteraceae-Erigeron-annuus-Erigeron annuus (L.) Pers.
a668dc66-eec0-4214-a151-b7227b082e10,C303120303050402050559011004000004000,species,Erigeron dubius Makino,Plantae-Viridiplantae-Streptophyta-Embryophyta-Tracheophytina-Euphyllophytes-Spermatopsida-Magnoliidae-Asterales-Asteraceae-Erigeron-dubius-Erigeron dubius Makino
ec38fe0f-fee4-45c0-9c70-ca090bdec05e,C303120303050402050559011004000005000,species,Erigeron linifolius Willd.,Plantae-Viridiplantae-Streptophyta-Embryophyta-Tracheophytina-Euphyllophytes-Spermatopsida-Magnoliidae-Asterales-Asteraceae-Erigeron-linifolius-Erigeron linifolius Willd.
7b7ca25b-80a8-489a-81f5-c31b214af98d,C303120303050402050559011013700003000,species,Pterocypsela × mansuensis (Hayata) C.I Peng,Plantae-Viridiplantae-Streptophyta-Embryophyta-Tracheophytina-Euphyllophytes-Spermatopsida-Magnoliidae-Asterales-Asteraceae-Pterocypsela-× mansuensis-Pterocypsela × mansuensis (Hayata) C.I Peng
98e13d7d-1b85-4cf4-b767-1f5db9fff417,C303120303050402050564005001300001000,species,Sinopanax formosana (Hayata) H.L.Li,Plantae-Viridiplantae-Streptophyta-Embryophyta-Tracheophytina-Euphyllophytes-Spermatopsida-Magnoliidae-Apiales-Araliaceae-Sinopanax-formosana-Sinopanax formosana (Hayata) H.L.Li
3e0e90fa-19f1-4364-b546-9ebccc75493d,C303120303050402050519014003100007000,species,Chloris pilosa Schumach. & Thonn.,Plantae-Viridiplantae-Streptophyta-Embryophyta-Tracheophytina-Euphyllophytes-Spermatopsida-Magnoliidae-Poales-Poaceae-Chloris-pilosa-Chloris pilosa Schumach. & Thonn.
95125e58-201d-4222-89ef-c858342fff60,C303120303050402050515001005500006002,infraspecies,Gastrodia elata f. flavida S.Chow,Plantae-Viridiplantae-Streptophyta-Embryophyta-Tracheophytina-Euphyllophytes-Spermatopsida-Magnoliidae-Asparagales-Orchidaceae-Gastrodia-elata-flavida-Gastrodia elata f. flavida S.Chow
b5d63935-eeec-478e-a1f7-57e125cfdca2,C303120303050402050515001005500006003,infraspecies,Gastrodia elata f. glauca S.Chow,Plantae-Viridiplantae-Streptophyta-Embryophyta-Tracheophytina-Euphyllophytes-Spermatopsida-Magnoliidae-Asparagales-Orchidaceae-Gastrodia-elata-glauca-Gastrodia elata f. glauca S.Chow
a7e87990-f05b-4028-99c8-3d15a42e52b7,C303120303050402050519009001000002001,infraspecies,Fimbristylis aestivalis var. aestivalis (Retz.) Vahl,Plantae-Viridiplantae-Streptophyta-Embryophyta-Tracheophytina-Euphyllophytes-Spermatopsida-Magnoliidae-Poales-Cyperaceae-Fimbristylis-aestivalis-aestivalis-Fimbristylis aestivalis var. aestivalis (Retz.) Vahl
ddcf94e0-cd9b-482e-aebd-7db4cb2606ec,C303120303050402050530002011600001002,infraspecies,Glycyrrhiza glabra var. glandulifera Regel & Herder,Plantae-Viridiplantae-Streptophyta-Embryophyta-Tracheophytina-Euphyllophytes-Spermatopsida-Magnoliidae-Fabales-Fabaceae-Glycyrrhiza-glabra-glandulifera-Glycyrrhiza glabra var. glandulifera Regel & Herder
14d237d1-6eb1-4c61-8dba-17b6be702809,C303120303050402050533008000100007002,infraspecies,Begonia formosana f. albomaculata T.S.Liu & M.J.Lai,Plantae-Viridiplantae-Streptophyta-Embryophyta-Tracheophytina-Euphyllophytes-Spermatopsida-Magnoliidae-Cucurbitales-Begoniaceae-Begonia-formosana-albomaculata-Begonia formosana f. albomaculata T.S.Liu & M.J.Lai
0d28ef52-53b5-4dc3-b1b2-cd5053ebcd9f,C303120303050402050538006001200001002,infraspecies,Sarcopyramis napalensis var. bodinieri (H.Lév.) H.Lév. ,Plantae-Viridiplantae-Streptophyta-Embryophyta-Tracheophytina-Euphyllophytes-Spermatopsida-Magnoliidae-Myrtales-Melastomataceae-Sarcopyramis-napalensis-bodinieri-Sarcopyramis napalensis var. bodinieri (H.Lév.) H.Lév. 
f1e5b507-bdc7-4fe5-99c3-fe816bd5fc61,C303120303050402050542006000100002002,infraspecies,Acer buergerianum var. formosanum (Hayata) Sasaki,Plantae-Viridiplantae-Streptophyta-Embryophyta-Tracheophytina-Euphyllophytes-Spermatopsida-Magnoliidae-Sapindales-Sapindaceae-Acer-buergerianum-formosanum-Acer buergerianum var. formosanum (Hayata) Sasaki
aa61213f-9fc6-4734-b867-c3bf81e37469,C303120303050402050544017001100006002,infraspecies,Cardamine scutata var. rotundiloba (Hayata) T.S.Liu & S.S.Ying,Plantae-Viridiplantae-Streptophyta-Embryophyta-Tracheophytina-Euphyllophytes-Spermatopsida-Magnoliidae-Brassicales-Brassicaceae-Cardamine-scutata-rotundiloba-Cardamine scutata var. rotundiloba (Hayata) T.S.Liu & S.S.Ying
fe9e990b-a1e8-4f97-b86f-4a04a29a32b8,C303120303050402050544017001100007002,infraspecies,Cardamine resedifolia var. morii Nakai,Plantae-Viridiplantae-Streptophyta-Embryophyta-Tracheophytina-Euphyllophytes-Spermatopsida-Magnoliidae-Brassicales-Brassicaceae-Cardamine-resedifolia-morii-Cardamine resedifolia var. morii Nakai
3725a54e-ad88-4a3c-9dc3-e42d50ead006,C303120303050402050547018000100001003,infraspecies,Achyranthes aspera var. rubro-fusca Hook.f.,Plantae-Viridiplantae-Streptophyta-Embryophyta-Tracheophytina-Euphyllophytes-Spermatopsida-Magnoliidae-Caryophyllales-Amaranthaceae-Achyranthes-aspera-rubro-fusca-Achyranthes aspera var. rubro-fusca Hook.f.
d597de56-97f8-40be-99ad-865272381e3a,C303120303050402050553001000200008002,infraspecies,Galium spurium var. echinospermum (Wallr.) Hayek,Plantae-Viridiplantae-Streptophyta-Embryophyta-Tracheophytina-Euphyllophytes-Spermatopsida-Magnoliidae-Gentianales-Rubiaceae-Galium-spurium-echinospermum-Galium spurium var. echinospermum (Wallr.) Hayek
29c621e5-9228-449f-9a10-04238a366ff4,C303120303050402050553001000800001002,infraspecies,Gardenia jasminoides f. grandiflora (Lour.) Makino,Plantae-Viridiplantae-Streptophyta-Embryophyta-Tracheophytina-Euphyllophytes-Spermatopsida-Magnoliidae-Gentianales-Rubiaceae-Gardenia-jasminoides-grandiflora-Gardenia jasminoides f. grandiflora (Lour.) Makino
598e7d3d-397e-436d-9d86-ef20b6ac8ade,C303120303050402050553001000800001003,infraspecies,Gardenia jasminoides var. radicans (Thunb.) Makino,Plantae-Viridiplantae-Streptophyta-Embryophyta-Tracheophytina-Euphyllophytes-Spermatopsida-Magnoliidae-Gentianales-Rubiaceae-Gardenia-jasminoides-radicans-Gardenia jasminoides var. radicans (Thunb.) Makino
a8287cfb-645b-4c9b-9d7f-a4fab05949d0,C303120303050402050553001000800002002,infraspecies,Gardenia angusta var. grandiflora Hort.,Plantae-Viridiplantae-Streptophyta-Embryophyta-Tracheophytina-Euphyllophytes-Spermatopsida-Magnoliidae-Gentianales-Rubiaceae-Gardenia-angusta-grandiflora-Gardenia angusta var. grandiflora Hort.
f331b17b-7617-48cb-82ed-3caf5be9675a,C303120303050402050553001000800002003,infraspecies,Gardenia angusta var. ovalifolia Hort.,Plantae-Viridiplantae-Streptophyta-Embryophyta-Tracheophytina-Euphyllophytes-Spermatopsida-Magnoliidae-Gentianales-Rubiaceae-Gardenia-angusta-ovalifolia-Gardenia angusta var. ovalifolia Hort.
9488238e-7a6e-427a-8243-46f6f2c6f33f,C303120303050402050553001003700001002,infraspecies,Damnacanthus angustifolius var. stenophyllus (Koidz.) Masam.,Plantae-Viridiplantae-Streptophyta-Embryophyta-Tracheophytina-Euphyllophytes-Spermatopsida-Magnoliidae-Gentianales-Rubiaceae-Damnacanthus-angustifolius-stenophyllus-Damnacanthus angustifolius var. stenophyllus (Koidz.) Masam.
4d3f6587-8fba-47b6-8136-92cc56caedef,C303120303050402050556002000700002001,infraspecies,Capsicum frutescens var. frutescens (L.) Kuntze,Plantae-Viridiplantae-Streptophyta-Embryophyta-Tracheophytina-Euphyllophytes-Spermatopsida-Magnoliidae-Solanales-Solanaceae-Capsicum-frutescens-frutescens-Capsicum frutescens var. frutescens (L.) Kuntze
9164c378-ef51-4423-a166-1a979c73a97d,C303120303050402050559011001500003003,infraspecies,Bidens pilosa var. radiata (Sch.Bip.) Sherff,Plantae-Viridiplantae-Streptophyta-Embryophyta-Tracheophytina-Euphyllophytes-Spermatopsida-Magnoliidae-Asterales-Asteraceae-Bidens-pilosa-radiata-Bidens pilosa var. radiata (Sch.Bip.) Sherff
33cbb1a2-7f78-4866-a376-f438e7736559,C303120303050402050559011003300003001,infraspecies,Conyza canadensis var. canadensis,Plantae-Viridiplantae-Streptophyta-Embryophyta-Tracheophytina-Euphyllophytes-Spermatopsida-Magnoliidae-Asterales-Asteraceae-Conyza-canadensis-canadensis-Conyza canadensis var. canadensis
893e1590-0f20-42cd-80b4-9091adc36012,C303120303050402050559011003300003002,infraspecies,Conyza canadensis var. pusilla (Nutt.) Cronq.,Plantae-Viridiplantae-Streptophyta-Embryophyta-Tracheophytina-Euphyllophytes-Spermatopsida-Magnoliidae-Asterales-Asteraceae-Conyza-canadensis-pusilla-Conyza canadensis var. pusilla (Nutt.) Cronq.
f0000737-baae-4558-8690-10628679a257,,species,"Kindbergia praelonga (Hedw.) Ochyra, 1982","Plantae-Viridiplantae-Streptophyta-Embryophyta-Bryophytina-Bryophytes*-Bryopsida-Bryidae-Hypnales-Brachytheciaceae-Kindbergia-praelonga-Kindbergia praelonga (Hedw.) Ochyra, 1982"
b53ffc27-66e6-431e-aebb-62f06230a7a7,,species,Acrochaetium secundatum (Lyngbye) Nägeli,Plantae-Rhodophyta-Florideophyceae-Acrochaetiales-Acrochaetiaceae-Acrochaetium-secundatum-Acrochaetium secundatum (Lyngbye) Nägeli
acab95ed-723a-4029-bb92-f9ec2fb305e5,,species,Dichotomococcus curvatus Korschikoff,Plantae-Viridiplantae-Chlorophytes-Chlorophyta-Trebouxiophyceae-Trebouxiales-Botryococcaceae-Dichotomococcus-curvatus-Dichotomococcus curvatus Korschikoff
793ca0b5-bcff-442d-a12e-c0055dd32a84,,infraspecies,Kindbergia arbuscula var. acuminata (Takaki) Ochyra,Plantae-Viridiplantae-Streptophyta-Embryophyta-Bryophytina-Bryophytes*-Bryopsida-Bryidae-Hypnales-Brachytheciaceae-Kindbergia-arbuscula-acuminata-Kindbergia arbuscula var. acuminata (Takaki) Ochyra
bb8f6c3c-d80d-443b-adb9-ada994c74a5e,,species,Ankistrodesmus gracile (Reinsch) Korschikoff,Plantae-Viridiplantae-Chlorophytes-Chlorophyta-Trebouxiophyceae-Chlorellales-Chlorellaceae-Ankistrodesmus-gracile-Ankistrodesmus gracile (Reinsch) Korschikoff
40645371-86eb-4cc1-a459-39684350b87c,,species,Chlorella vulgaris Beyerinck,Plantae-Viridiplantae-Chlorophytes-Chlorophyta-Trebouxiophyceae-Chlorellales-Chlorellaceae-Chlorella-vulgaris-Chlorella vulgaris Beyerinck
1887ea91-33ec-4f2a-ade4-8229d913434f,,species,Closteriopsis longissima (Lemmermann) Lemmermann,Plantae-Viridiplantae-Chlorophytes-Chlorophyta-Trebouxiophyceae-Chlorellales-Chlorellaceae-Closteriopsis-longissima-Closteriopsis longissima (Lemmermann) Lemmermann
fa8aa9a7-4036-4fa9-b98c-53132d5e3d91,,species,"Ulva prolifera O.F.Müller,1778","Plantae-Viridiplantae-Chlorophytes-Chlorophyta-Ulvophyceae-Ulvales-Ulvaceae-Ulva-prolifera-Ulva prolifera O.F.Müller,1778"
84c725b6-fb19-4068-84a5-b8661c571c84,,species,Chlamydomonas angulosa Dill,Plantae-Viridiplantae-Chlorophytes-Chlorophyta-Chlorophyceae-Volvocales-Chlamydomonadaceae-Chlamydomonas-angulosa-Chlamydomonas angulosa Dill
978b1576-e09a-47a0-9dad-9751ae4a54d5,,species,Chlamydomonas debaryana Gor.,Plantae-Viridiplantae-Chlorophytes-Chlorophyta-Chlorophyceae-Volvocales-Chlamydomonadaceae-Chlamydomonas-debaryana-Chlamydomonas debaryana Gor.
e7c9d75b-7797-4b5a-a0e4-0f1101d681a7,,species,Pandorina morum (Müller) Bory,Plantae-Viridiplantae-Chlorophytes-Chlorophyta-Chlorophyceae-Volvocales-Volvocaceae-Pandorina-morum-Pandorina morum (Müller) Bory
1254f9fa-e659-434c-a9b5-93d818a70420,,species,Hydrodictyon reticulatum (L.) Largerheim,Plantae-Viridiplantae-Chlorophytes-Chlorophyta-Chlorophyceae-Chlorococcales-Hydrodictyaceae-Hydrodictyon-reticulatum-Hydrodictyon reticulatum (L.) Largerheim
4a3e31c0-7486-47ed-8d03-a604da2b4fa8,,species,Pediastrum biwae Negoro,Plantae-Viridiplantae-Chlorophytes-Chlorophyta-Chlorophyceae-Chlorococcales-Hydrodictyaceae-Pediastrum-biwae-Pediastrum biwae Negoro
ec53b661-d92d-471c-bf27-ddd04eee84cb,,species,Pediastrum boryanum (Turpin) Meneghini,Plantae-Viridiplantae-Chlorophytes-Chlorophyta-Chlorophyceae-Chlorococcales-Hydrodictyaceae-Pediastrum-boryanum-Pediastrum boryanum (Turpin) Meneghini
51695fd1-a016-4d5e-b7aa-25ee084f1934,,species,Pediastrum duplex Meyen,Plantae-Viridiplantae-Chlorophytes-Chlorophyta-Chlorophyceae-Chlorococcales-Hydrodictyaceae-Pediastrum-duplex-Pediastrum duplex Meyen
27529265-6ee2-42d7-9f78-46f98fd7c1fb,,infraspecies,Pediastrum duplex var. gracillimum W. & G. S. West ,Plantae-Viridiplantae-Chlorophytes-Chlorophyta-Chlorophyceae-Chlorococcales-Hydrodictyaceae-Pediastrum-duplex-gracillimum-Pediastrum duplex var. gracillimum W. & G. S. West 
4f99b9ca-bc7b-462d-8418-fd2d055f4b59,,species,Pediastrum integrum,Plantae-Viridiplantae-Chlorophytes-Chlorophyta-Chlorophyceae-Chlorococcales-Hydrodictyaceae-Pediastrum-integrum-Pediastrum integrum
5fa81ac2-33b1-4448-8255-6ba10e1dac5e,,infraspecies,Pediastrum integrum var. integrum Yamagishi ,Plantae-Viridiplantae-Chlorophytes-Chlorophyta-Chlorophyceae-Chlorococcales-Hydrodictyaceae-Pediastrum-integrum-integrum-Pediastrum integrum var. integrum Yamagishi 
b5afc74f-a1f9-4244-bb3c-161621a3e664,,species,Pediastrum ovatum (Ehrenberg) A. Braun,Plantae-Viridiplantae-Chlorophytes-Chlorophyta-Chlorophyceae-Chlorococcales-Hydrodictyaceae-Pediastrum-ovatum-Pediastrum ovatum (Ehrenberg) A. Braun
1df3d8cb-3523-45fb-b6b4-7f61965e1692,,species,Pediastrum simplex (Meyen) Lemmermann,Plantae-Viridiplantae-Chlorophytes-Chlorophyta-Chlorophyceae-Chlorococcales-Hydrodictyaceae-Pediastrum-simplex-Pediastrum simplex (Meyen) Lemmermann
e1c2ca0d-9fbd-4a1a-853b-a59487a73796,,infraspecies,Pediastrum simplex var. duodenarium (Bailey) Rabenhorst,Plantae-Viridiplantae-Chlorophytes-Chlorophyta-Chlorophyceae-Chlorococcales-Hydrodictyaceae-Pediastrum-simplex-duodenarium-Pediastrum simplex var. duodenarium (Bailey) Rabenhorst
ada3b71c-4121-4d6f-8746-d4b8b7cc9c8e,,species,"Stauridium tetras (Ehrenberg) E. Hegewald,2005","Plantae-Viridiplantae-Chlorophytes-Chlorophyta-Chlorophyceae-Chlorococcales-Hydrodictyaceae-Stauridium-tetras-Stauridium tetras (Ehrenberg) E. Hegewald,2005"
7a2ee701-b182-4f83-ae30-3cf088ef8946,,species,Chodatella chodatii (Bernard) Ley,Plantae-Viridiplantae-Chlorophytes-Chlorophyta-Chlorophyceae-Chlorococcales-Oocystaceae-Chodatella-chodatii-Chodatella chodatii (Bernard) Ley
bc9a5f78-b433-4ba5-abf7-dbc309076351,,infraspecies,Chodatella chodatii var. chodtii Yamagishi ,Plantae-Viridiplantae-Chlorophytes-Chlorophyta-Chlorophyceae-Chlorococcales-Oocystaceae-Chodatella-chodatii-chodtii-Chodatella chodatii var. chodtii Yamagishi 
db84b6a5-93c4-42cb-9b5c-b82f60c47f89,,species,Kirchneriella aperta Teiling,Plantae-Viridiplantae-Chlorophytes-Chlorophyta-Chlorophyceae-Chlorococcales-Oocystaceae-Kirchneriella-aperta-Kirchneriella aperta Teiling
72ec0524-8287-4d3a-81b4-2c434649b8aa,,infraspecies,Kirchneriella aperta var. aperta Yamagishi,Plantae-Viridiplantae-Chlorophytes-Chlorophyta-Chlorophyceae-Chlorococcales-Oocystaceae-Kirchneriella-aperta-aperta-Kirchneriella aperta var. aperta Yamagishi
b22804f8-6e73-4408-b234-991b6b7563cf,,species,Kirchneriella contorta (Schmidle) Bohlin,Plantae-Viridiplantae-Chlorophytes-Chlorophyta-Chlorophyceae-Chlorococcales-Oocystaceae-Kirchneriella-contorta-Kirchneriella contorta (Schmidle) Bohlin
d8f330fa-14ab-4bd7-a468-980a538db2b9,,species,Kirchneriella dianae (Bohlin) Comas,Plantae-Viridiplantae-Chlorophytes-Chlorophyta-Chlorophyceae-Chlorococcales-Oocystaceae-Kirchneriella-dianae-Kirchneriella dianae (Bohlin) Comas
1f938602-8d4f-4f24-aff2-c14c3ded7176,,infraspecies,Kirchneriella dianae var. dianae Yamagishi,Plantae-Viridiplantae-Chlorophytes-Chlorophyta-Chlorophyceae-Chlorococcales-Oocystaceae-Kirchneriella-dianae-dianae-Kirchneriella dianae var. dianae Yamagishi
aa6d6d41-00a7-4a91-bb9a-eac91c8c0cc9,,species,Kirchneriella incurvata Belcher & Swale,Plantae-Viridiplantae-Chlorophytes-Chlorophyta-Chlorophyceae-Chlorococcales-Oocystaceae-Kirchneriella-incurvata-Kirchneriella incurvata Belcher & Swale
30ce3a0a-6850-4a1e-bc44-808cedbd9bb8,,species,Kirchneriella obesa (W. West) Schmidle,Plantae-Viridiplantae-Chlorophytes-Chlorophyta-Chlorophyceae-Chlorococcales-Oocystaceae-Kirchneriella-obesa-Kirchneriella obesa (W. West) Schmidle
50823f49-6103-4a12-91a7-dbfacc1b991b,,species,Monoraphidium braunii (Naegeli) Komarkova-Legnerova,Plantae-Viridiplantae-Chlorophytes-Chlorophyta-Chlorophyceae-Chlorococcales-Oocystaceae-Monoraphidium-braunii-Monoraphidium braunii (Naegeli) Komarkova-Legnerova
28d5351d-0317-41e1-8d2b-93a1c29c02a5,,species,Monoraphidium caribeum Hindak,Plantae-Viridiplantae-Chlorophytes-Chlorophyta-Chlorophyceae-Chlorococcales-Oocystaceae-Monoraphidium-caribeum-Monoraphidium caribeum Hindak
915e6a20-5bc1-42d3-8184-73ca0ef75cf0,,species,Monoraphidium circinale (Nygaard) Nygaard,Plantae-Viridiplantae-Chlorophytes-Chlorophyta-Chlorophyceae-Chlorococcales-Oocystaceae-Monoraphidium-circinale-Monoraphidium circinale (Nygaard) Nygaard
416d96fa-e3c3-48a2-b7b8-c48ac7c874db,,species,Monoraphidium contortum (Thuret) Komarkova-Legnerova,Plantae-Viridiplantae-Chlorophytes-Chlorophyta-Chlorophyceae-Chlorococcales-Oocystaceae-Monoraphidium-contortum-Monoraphidium contortum (Thuret) Komarkova-Legnerova
bda68964-c77b-49dd-8082-9daeea522ea8,,species,Monoraphidium dybowski (Woloszynska) Hindak & Komarkova-Legnerova,Plantae-Viridiplantae-Chlorophytes-Chlorophyta-Chlorophyceae-Chlorococcales-Oocystaceae-Monoraphidium-dybowski-Monoraphidium dybowski (Woloszynska) Hindak & Komarkova-Legnerova
33f2a115-e957-44c0-9157-abc9caa53b54,,species,Monoraphidium griffithii (Berkeley) Komarkova-Legnerova,Plantae-Viridiplantae-Chlorophytes-Chlorophyta-Chlorophyceae-Chlorococcales-Oocystaceae-Monoraphidium-griffithii-Monoraphidium griffithii (Berkeley) Komarkova-Legnerova
0bb45d8d-25f8-4c5d-b503-d1b2ea541520,,species,Monoraphidium komarkovae Nygaard,Plantae-Viridiplantae-Chlorophytes-Chlorophyta-Chlorophyceae-Chlorococcales-Oocystaceae-Monoraphidium-komarkovae-Monoraphidium komarkovae Nygaard
e2731125-cbdd-4280-aa4a-ac873c42a817,,species,Monoraphidium minimum (Naegeli) Komarkova-Legnerova,Plantae-Viridiplantae-Chlorophytes-Chlorophyta-Chlorophyceae-Chlorococcales-Oocystaceae-Monoraphidium-minimum-Monoraphidium minimum (Naegeli) Komarkova-Legnerova
d27102df-7831-4f9d-b9cf-5e1114058aa7,,species,Monoraphidium pusillum (Printz) Komarkova-Legnerova,Plantae-Viridiplantae-Chlorophytes-Chlorophyta-Chlorophyceae-Chlorococcales-Oocystaceae-Monoraphidium-pusillum-Monoraphidium pusillum (Printz) Komarkova-Legnerova
1a732463-bf3a-4ecb-a1d5-d010265edb6f,,species,Oocystis borgei Snow,Plantae-Viridiplantae-Chlorophytes-Chlorophyta-Chlorophyceae-Chlorococcales-Oocystaceae-Oocystis-borgei-Oocystis borgei Snow
ef6d8863-9caa-41bc-bc32-80b1f12a7f5e,,species,Tetradesmus formosana Shen,Plantae-Viridiplantae-Chlorophytes-Chlorophyta-Chlorophyceae-Chlorococcales-Coelastraceae-Tetradesmus-formosana-Tetradesmus formosana Shen
43959e3a-2ce4-44f8-bddd-9cd6bf72045c,,species,Coelastrum astroideum De Notaris,Plantae-Viridiplantae-Chlorophytes-Chlorophyta-Chlorophyceae-Chlorococcales-Scenedesmaceae-Coelastrum-astroideum-Coelastrum astroideum De Notaris
46270abc-04bc-4b12-ae38-39fdc577c35a,,species,Coelastrum cambricum Archer,Plantae-Viridiplantae-Chlorophytes-Chlorophyta-Chlorophyceae-Chlorococcales-Scenedesmaceae-Coelastrum-cambricum-Coelastrum cambricum Archer
444d5e40-32fa-4d88-8d91-c127c3834192,,species,Coelastrum microporum Naegeli,Plantae-Viridiplantae-Chlorophytes-Chlorophyta-Chlorophyceae-Chlorococcales-Scenedesmaceae-Coelastrum-microporum-Coelastrum microporum Naegeli
cf4e5fe5-7ca6-452b-8cfd-4f345c6fa3f8,,species,Coelastrum morus W. & G. S. West,Plantae-Viridiplantae-Chlorophytes-Chlorophyta-Chlorophyceae-Chlorococcales-Scenedesmaceae-Coelastrum-morus-Coelastrum morus W. & G. S. West
ab4954c3-317c-4b68-bcf0-cdc553003218,,species,Coelastrum reticulatum (Dangeard) Senn,Plantae-Viridiplantae-Chlorophytes-Chlorophyta-Chlorophyceae-Chlorococcales-Scenedesmaceae-Coelastrum-reticulatum-Coelastrum reticulatum (Dangeard) Senn
4a513b45-600b-431a-8171-7a7184f2530e,,species,Coelastrum sphaericum Naegeli,Plantae-Viridiplantae-Chlorophytes-Chlorophyta-Chlorophyceae-Chlorococcales-Scenedesmaceae-Coelastrum-sphaericum-Coelastrum sphaericum Naegeli
83f27dc6-6172-4cd3-b5f7-33ef24c6cd6d,,species,Crucigenia apiculata (Lemmermann) Schmidle,Plantae-Viridiplantae-Chlorophytes-Chlorophyta-Chlorophyceae-Chlorococcales-Scenedesmaceae-Crucigenia-apiculata-Crucigenia apiculata (Lemmermann) Schmidle
51e30950-afa9-42c0-bc30-8b3431e3551b,,species,Crucigenia lauterbornii (Schmidle) Schmidle,Plantae-Viridiplantae-Chlorophytes-Chlorophyta-Chlorophyceae-Chlorococcales-Scenedesmaceae-Crucigenia-lauterbornii-Crucigenia lauterbornii (Schmidle) Schmidle
79f3cd27-5ed5-4cf1-b393-d40a922c417c,,species,Crucigenia tetrapedia (Kirch.) West & West,Plantae-Viridiplantae-Chlorophytes-Chlorophyta-Chlorophyceae-Chlorococcales-Scenedesmaceae-Crucigenia-tetrapedia-Crucigenia tetrapedia (Kirch.) West & West
9b87da17-31a8-403b-9245-2747c8b1ef3e,,species,Scenedesmus abundans (Kirchner) Chodat.,Plantae-Viridiplantae-Chlorophytes-Chlorophyta-Chlorophyceae-Chlorococcales-Scenedesmaceae-Scenedesmus-abundans-Scenedesmus abundans (Kirchner) Chodat.
44a8cc0f-7e1c-416d-a529-83942541786f,,species,Scenedesmus accuminatus (Lagerheim) Chodat,Plantae-Viridiplantae-Chlorophytes-Chlorophyta-Chlorophyceae-Chlorococcales-Scenedesmaceae-Scenedesmus-accuminatus-Scenedesmus accuminatus (Lagerheim) Chodat
a153bbdd-2f9a-40b9-88c7-1811f179acf4,,species,Scenedesmus acuminatus (Lagerheim) Chodat,Plantae-Viridiplantae-Chlorophytes-Chlorophyta-Chlorophyceae-Chlorococcales-Scenedesmaceae-Scenedesmus-acuminatus-Scenedesmus acuminatus (Lagerheim) Chodat
7542609c-fe71-40b6-ae51-8d28c0697874,,infraspecies,Scenedesmus acuminatus var. acuminatus Yamagishi,Plantae-Viridiplantae-Chlorophytes-Chlorophyta-Chlorophyceae-Chlorococcales-Scenedesmaceae-Scenedesmus-acuminatus-acuminatus-Scenedesmus acuminatus var. acuminatus Yamagishi
0aa650af-6c14-42f1-ad75-83fb5a30acb3,,species,Scenedesmus acutiformis Schroeder,Plantae-Viridiplantae-Chlorophytes-Chlorophyta-Chlorophyceae-Chlorococcales-Scenedesmaceae-Scenedesmus-acutiformis-Scenedesmus acutiformis Schroeder
94241488-a84f-4c60-bca2-eb7b2bf86e0a,,species,Scenedesmus acutus Meyen,Plantae-Viridiplantae-Chlorophytes-Chlorophyta-Chlorophyceae-Chlorococcales-Scenedesmaceae-Scenedesmus-acutus-Scenedesmus acutus Meyen
6306a341-5a20-46f3-babc-eead4135bd6e,,species,Scenedesmus arcutus Lemmermann,Plantae-Viridiplantae-Chlorophytes-Chlorophyta-Chlorophyceae-Chlorococcales-Scenedesmaceae-Scenedesmus-arcutus-Scenedesmus arcutus Lemmermann
cd9fc870-f650-46bb-a632-b2163d9f20a5,,species,Scenedesmus bernardii Smith,Plantae-Viridiplantae-Chlorophytes-Chlorophyta-Chlorophyceae-Chlorococcales-Scenedesmaceae-Scenedesmus-bernardii-Scenedesmus bernardii Smith
c0b1aa9e-fe10-462d-a929-be013635215f,,species,Scenedesmus bicaudatus (Hansgirg) Chodat,Plantae-Viridiplantae-Chlorophytes-Chlorophyta-Chlorophyceae-Chlorococcales-Scenedesmaceae-Scenedesmus-bicaudatus-Scenedesmus bicaudatus (Hansgirg) Chodat
4dbfbe88-42c0-4f23-acca-6e4482235b41,,species,Scenedesmus carinatus (Lemmermann) Chodat,Plantae-Viridiplantae-Chlorophytes-Chlorophyta-Chlorophyceae-Chlorococcales-Scenedesmaceae-Scenedesmus-carinatus-Scenedesmus carinatus (Lemmermann) Chodat
6a4de24e-3f5b-4d55-8175-a60dbc48a6e6,,species,Scenedesmus circumfusus Hortobagyi,Plantae-Viridiplantae-Chlorophytes-Chlorophyta-Chlorophyceae-Chlorococcales-Scenedesmaceae-Scenedesmus-circumfusus-Scenedesmus circumfusus Hortobagyi
9e91957e-07f2-42ca-87f8-29e705765f23,,infraspecies,Scenedesmus circumfusus var. bicaudatus Hort.,Plantae-Viridiplantae-Chlorophytes-Chlorophyta-Chlorophyceae-Chlorococcales-Scenedesmaceae-Scenedesmus-circumfusus-bicaudatus-Scenedesmus circumfusus var. bicaudatus Hort.
99fa0906-5cdd-4cb4-9d5c-1426e8485d1c,,species,Scenedesmus denticulatus Lagerheim,Plantae-Viridiplantae-Chlorophytes-Chlorophyta-Chlorophyceae-Chlorococcales-Scenedesmaceae-Scenedesmus-denticulatus-Scenedesmus denticulatus Lagerheim
b7c24b30-bea7-4a50-bdfb-c1477d57b44e,,species,Scenedesmus dimorphus (Turpin) Kützing,Plantae-Viridiplantae-Chlorophytes-Chlorophyta-Chlorophyceae-Chlorococcales-Scenedesmaceae-Scenedesmus-dimorphus-Scenedesmus dimorphus (Turpin) Kützing
3bf7e3bb-6277-4b19-908c-0d69e80eafe9,,species,Scenedesmus disciformis (Chodat) Fott & Komarek,Plantae-Viridiplantae-Chlorophytes-Chlorophyta-Chlorophyceae-Chlorococcales-Scenedesmaceae-Scenedesmus-disciformis-Scenedesmus disciformis (Chodat) Fott & Komarek
d7898792-6bf0-4d28-b81c-df7d8b6c2501,,species,Scenedesmus ecornis (Ehrenberg) Chodat,Plantae-Viridiplantae-Chlorophytes-Chlorophyta-Chlorophyceae-Chlorococcales-Scenedesmaceae-Scenedesmus-ecornis-Scenedesmus ecornis (Ehrenberg) Chodat
3bbb11e9-731c-4e4b-a970-8652fd3770d9,,species,Scenedesmus intermedius Chodat,Plantae-Viridiplantae-Chlorophytes-Chlorophyta-Chlorophyceae-Chlorococcales-Scenedesmaceae-Scenedesmus-intermedius-Scenedesmus intermedius Chodat
05f7a29a-3b66-4702-b238-7a3a1b62ab64,,infraspecies,Scenedesmus intermedius var. valatonicus f. ophilus Uherkovich,Plantae-Viridiplantae-Chlorophytes-Chlorophyta-Chlorophyceae-Chlorococcales-Scenedesmaceae-Scenedesmus-intermedius-valatonicus-ophilus-Scenedesmus intermedius var. valatonicus f. ophilus Uherkovich
b8abea56-8ade-4889-a75d-f3d5c0019903,,species,Scenedesmus javanensis Chodat,Plantae-Viridiplantae-Chlorophytes-Chlorophyta-Chlorophyceae-Chlorococcales-Scenedesmaceae-Scenedesmus-javanensis-Scenedesmus javanensis Chodat
5994b592-8495-45e4-b30b-87ea88f4af3e,,species,Scenedesmus lefevrii Deflandre,Plantae-Viridiplantae-Chlorophytes-Chlorophyta-Chlorophyceae-Chlorococcales-Scenedesmaceae-Scenedesmus-lefevrii-Scenedesmus lefevrii Deflandre
f8cc33af-532a-416d-b60c-fd3db4156add,,infraspecies,Scenedesmus lefevrii var. lefevrii Yamagishi,Plantae-Viridiplantae-Chlorophytes-Chlorophyta-Chlorophyceae-Chlorococcales-Scenedesmaceae-Scenedesmus-lefevrii-lefevrii-Scenedesmus lefevrii var. lefevrii Yamagishi
8943043d-8c86-4448-adf0-961a514e5812,,species,Scenedesmus longispina Chodat,Plantae-Viridiplantae-Chlorophytes-Chlorophyta-Chlorophyceae-Chlorococcales-Scenedesmaceae-Scenedesmus-longispina-Scenedesmus longispina Chodat
b5e0e768-a28c-43c9-9b98-3eadc5e30815,,species,Scenedesmus obliguus Kützing,Plantae-Viridiplantae-Chlorophytes-Chlorophyta-Chlorophyceae-Chlorococcales-Scenedesmaceae-Scenedesmus-obliguus-Scenedesmus obliguus Kützing
3d1779b7-d995-46b4-8e54-8263211038c2,,species,Scenedesmus ovalternus Chod.,Plantae-Viridiplantae-Chlorophytes-Chlorophyta-Chlorophyceae-Chlorococcales-Scenedesmaceae-Scenedesmus-ovalternus-Scenedesmus ovalternus Chod.
91cfec73-2a46-40f2-b1fd-76673c4265be,,species,Scenedesmus pannonicus Hortobagyi,Plantae-Viridiplantae-Chlorophytes-Chlorophyta-Chlorophyceae-Chlorococcales-Scenedesmaceae-Scenedesmus-pannonicus-Scenedesmus pannonicus Hortobagyi
0e29c67d-9bc4-41e3-ac06-c68cad8aeb71,,infraspecies,Scenedesmus pannonicus var. pannonicus Yamagishi,Plantae-Viridiplantae-Chlorophytes-Chlorophyta-Chlorophyceae-Chlorococcales-Scenedesmaceae-Scenedesmus-pannonicus-pannonicus-Scenedesmus pannonicus var. pannonicus Yamagishi
47772444-5fd9-4f87-98cd-90a42d780d7d,,species,Scenedesmus quadricauda (Turpin) de Brebisson,Plantae-Viridiplantae-Chlorophytes-Chlorophyta-Chlorophyceae-Chlorococcales-Scenedesmaceae-Scenedesmus-quadricauda-Scenedesmus quadricauda (Turpin) de Brebisson
7e44fe85-e4b3-4c8f-8f2f-e479aedb7727,,species,Scenedesmus quadrispina (Turp.) de Brebisson,Plantae-Viridiplantae-Chlorophytes-Chlorophyta-Chlorophyceae-Chlorococcales-Scenedesmaceae-Scenedesmus-quadrispina-Scenedesmus quadrispina (Turp.) de Brebisson
87e307f6-713d-4739-9c37-e030470e05d1,,species,Scenedesmus serratus (Corda) Bohlin,Plantae-Viridiplantae-Chlorophytes-Chlorophyta-Chlorophyceae-Chlorococcales-Scenedesmaceae-Scenedesmus-serratus-Scenedesmus serratus (Corda) Bohlin
90b80138-b435-4b20-a1af-525b00cbe974,,species,Scenedesmus spinosus Chodat,Plantae-Viridiplantae-Chlorophytes-Chlorophyta-Chlorophyceae-Chlorococcales-Scenedesmaceae-Scenedesmus-spinosus-Scenedesmus spinosus Chodat
16c40fc4-d499-49b8-b4e4-583dc4a57389,,infraspecies,Scenedesmus spinosus var. bicaudatus Hortobagyi,Plantae-Viridiplantae-Chlorophytes-Chlorophyta-Chlorophyceae-Chlorococcales-Scenedesmaceae-Scenedesmus-spinosus-bicaudatus-Scenedesmus spinosus var. bicaudatus Hortobagyi
4fe9a24e-98c1-42bd-b6e8-f666b429dae6,,species,Coenocystis planctonica Korschikoff,Plantae-Viridiplantae-Chlorophytes-Chlorophyta-Chlorophyceae-Chlorococcales-Radiococcaceae-Coenocystis-planctonica-Coenocystis planctonica Korschikoff
63e0eadd-265f-4c25-998b-931bf8997600,,species,Tetrastrum staurogeniaeforme (Schroder) Lemmmermann,Plantae-Viridiplantae-Chlorophytes-Chlorophyta-Chlorophyceae-Chlorococcales-Scenedesmaceae-Tetrastrum-staurogeniaeforme-Tetrastrum staurogeniaeforme (Schroder) Lemmmermann
b076c81f-0dbd-4396-93fe-bec78efa993a,,species,Tetrastrum heterocanthum (Nordstedt) Chodat,Plantae-Viridiplantae-Chlorophytes-Chlorophyta-Chlorophyceae-Chlorococcales-Scenedesmaceae-Tetrastrum-heterocanthum-Tetrastrum heterocanthum (Nordstedt) Chodat
b64f92ba-5e6f-4c0d-acd4-7233c0656aaf,,species,Schroederia setigera (Schroeder) Lemmermann,Plantae-Viridiplantae-Chlorophytes-Chlorophyta-Chlorophyceae-Chlorococcales-Chlorococcaceae-Schroederia-setigera-Schroederia setigera (Schroeder) Lemmermann
2fad2ce8-ae28-46ab-b1de-35e3ffd00859,,species,Tetraedron minimum (A. braum) Hansgirg,Plantae-Viridiplantae-Chlorophytes-Chlorophyta-Chlorophyceae-Chlorococcales-Chlorococcaceae-Tetraedron-minimum-Tetraedron minimum (A. braum) Hansgirg
261fca07-ab6f-453c-b32c-ab389db30b6e,,species,Tetraedron pentaedricum W. & G. S. West,Plantae-Viridiplantae-Chlorophytes-Chlorophyta-Chlorophyceae-Chlorococcales-Chlorococcaceae-Tetraedron-pentaedricum-Tetraedron pentaedricum W. & G. S. West
e807d16a-bc07-4861-953d-7829f5486710,,infraspecies,Tetraedron pentaedricum var. pentaedricum Yamagishi,Plantae-Viridiplantae-Chlorophytes-Chlorophyta-Chlorophyceae-Chlorococcales-Chlorococcaceae-Tetraedron-pentaedricum-pentaedricum-Tetraedron pentaedricum var. pentaedricum Yamagishi
13321a90-4105-4682-9182-df1fcd1bdb8c,,species,Tetraedron regulare,Plantae-Viridiplantae-Chlorophytes-Chlorophyta-Chlorophyceae-Chlorococcales-Chlorococcaceae-Tetraedron-regulare-Tetraedron regulare
a220e6c3-52ec-4e85-9dc7-798a7df0be17,,infraspecies,Tetraedron regulare var. incus Telling,Plantae-Viridiplantae-Chlorophytes-Chlorophyta-Chlorophyceae-Chlorococcales-Chlorococcaceae-Tetraedron-regulare-incus-Tetraedron regulare var. incus Telling
bf831699-f96c-4efd-a891-aa93e92ef8df,,species,Tetraedron tumidulum (Reinsch) Hansgirg,Plantae-Viridiplantae-Chlorophytes-Chlorophyta-Chlorophyceae-Chlorococcales-Chlorococcaceae-Tetraedron-tumidulum-Tetraedron tumidulum (Reinsch) Hansgirg
91e49265-b176-4f51-ba56-05ea659e0ac4,,species,Dictyosphaerium ehrenbergianum Naegeli,Plantae-Viridiplantae-Chlorophytes-Chlorophyta-Chlorophyceae-Chlorococcales-Dictyosphaeriaceae-Dictyosphaerium-ehrenbergianum-Dictyosphaerium ehrenbergianum Naegeli
b683c013-2e8a-4530-a713-e3dc150abf34,,species,Oedogonium inconspicium Hirm.,Plantae-Viridiplantae-Chlorophytes-Chlorophyta-Chlorophyceae-Oedogoniales-Oedogoniaceae-Oedogonium-inconspicium-Oedogonium inconspicium Hirm.
4be1c4a3-593b-4925-9745-3ea5aadab688,,species,Closterium acerosum (Schrank) Ehrenberg,Plantae-Viridiplantae-Chlorophytes-Chlorophyta-Zygnematophyceae-Zygnematales-Desmidiaceae-Closterium-acerosum-Closterium acerosum (Schrank) Ehrenberg
9c350a9f-239e-41cd-aac2-51e3b04b3dd2,,species,Closterium gracile Brebisson,Plantae-Viridiplantae-Chlorophytes-Chlorophyta-Zygnematophyceae-Zygnematales-Desmidiaceae-Closterium-gracile-Closterium gracile Brebisson
51878f34-3f93-42f8-8827-49a35d57396a,,species,Closterium leibleinii Kützing,Plantae-Viridiplantae-Chlorophytes-Chlorophyta-Zygnematophyceae-Zygnematales-Desmidiaceae-Closterium-leibleinii-Closterium leibleinii Kützing
d006a739-017f-4cc9-8145-b916e40dc751,,species,Closterium lunula (Müller) Nitzsch,Plantae-Viridiplantae-Chlorophytes-Chlorophyta-Zygnematophyceae-Zygnematales-Desmidiaceae-Closterium-lunula-Closterium lunula (Müller) Nitzsch
ebbc9301-9518-433b-b5fc-7cae3d00ca03,,species,Closterium moniliferum (Bory) Ehrenberg,Plantae-Viridiplantae-Chlorophytes-Chlorophyta-Zygnematophyceae-Zygnematales-Desmidiaceae-Closterium-moniliferum-Closterium moniliferum (Bory) Ehrenberg
e6cc33b7-76a2-40af-8127-0cb9cf34b19f,,species,Closterium setaceum Ehrenberg,Plantae-Viridiplantae-Chlorophytes-Chlorophyta-Zygnematophyceae-Zygnematales-Desmidiaceae-Closterium-setaceum-Closterium setaceum Ehrenberg
52e99f21-be21-41e4-b569-084861d9b5f9,,species,Cosmarium blyttii Wille,Plantae-Viridiplantae-Chlorophytes-Chlorophyta-Zygnematophyceae-Zygnematales-Desmidiaceae-Cosmarium-blyttii-Cosmarium blyttii Wille
aa166fb6-ac03-4d0c-8790-1d59ebc08a27,,species,Cosmarium botrytis Hong,Plantae-Viridiplantae-Chlorophytes-Chlorophyta-Zygnematophyceae-Zygnematales-Desmidiaceae-Cosmarium-botrytis-Cosmarium botrytis Hong
761d647d-6bbb-45ae-87fe-596e432cc4aa,,species,Cosmarium formosulum Schmidle,Plantae-Viridiplantae-Chlorophytes-Chlorophyta-Zygnematophyceae-Zygnematales-Desmidiaceae-Cosmarium-formosulum-Cosmarium formosulum Schmidle
af8022e8-4b2b-4d99-8fe0-93800280b89e,,species,Cosmarium granatum Breb.,Plantae-Viridiplantae-Chlorophytes-Chlorophyta-Zygnematophyceae-Zygnematales-Desmidiaceae-Cosmarium-granatum-Cosmarium granatum Breb.
a82bc43b-e11d-432c-833c-cc3c9cecc8c5,,species,Cosmarium laeve Rabenhorst,Plantae-Viridiplantae-Chlorophytes-Chlorophyta-Zygnematophyceae-Zygnematales-Desmidiaceae-Cosmarium-laeve-Cosmarium laeve Rabenhorst
1dd488a1-635b-456e-93b9-3d38d8d291ac,,species,Cosmarium margaritatum (Lundell) Roy & Bisset,Plantae-Viridiplantae-Chlorophytes-Chlorophyta-Zygnematophyceae-Zygnematales-Desmidiaceae-Cosmarium-margaritatum-Cosmarium margaritatum (Lundell) Roy & Bisset
38d9a8fe-4214-4cdd-a139-092bfab3e194,,species,Cosmarium moerlianum,Plantae-Viridiplantae-Chlorophytes-Chlorophyta-Zygnematophyceae-Zygnematales-Desmidiaceae-Cosmarium-moerlianum-Cosmarium moerlianum
ba033b1c-2231-465d-99c2-980f76f65eff,,infraspecies,Cosmarium moerlianum var. brasiliense Borge,Plantae-Viridiplantae-Chlorophytes-Chlorophyta-Zygnematophyceae-Zygnematales-Desmidiaceae-Cosmarium-moerlianum-brasiliense-Cosmarium moerlianum var. brasiliense Borge
bdb274ca-910e-48c5-ac01-dfe1230ea145,,species,Cosmarium morum Bory,Plantae-Viridiplantae-Chlorophytes-Chlorophyta-Zygnematophyceae-Zygnematales-Desmidiaceae-Cosmarium-morum-Cosmarium morum Bory
b724f7fb-7617-4e61-89be-497489ad4728,,species,Cosmarium punctulatum Brebisson,Plantae-Viridiplantae-Chlorophytes-Chlorophyta-Zygnematophyceae-Zygnematales-Desmidiaceae-Cosmarium-punctulatum-Cosmarium punctulatum Brebisson
570c4150-4928-4191-ab29-ddfb385ab2f3,,infraspecies,Cosmarium punctulatum var. subpunctulatum (Nordst) Borg,Plantae-Viridiplantae-Chlorophytes-Chlorophyta-Zygnematophyceae-Zygnematales-Desmidiaceae-Cosmarium-punctulatum-subpunctulatum-Cosmarium punctulatum var. subpunctulatum (Nordst) Borg
d5bf2b2b-2c88-4287-a0f7-8c48e87cbd54,,species,Cosmarium quadrum Lundell,Plantae-Viridiplantae-Chlorophytes-Chlorophyta-Zygnematophyceae-Zygnematales-Desmidiaceae-Cosmarium-quadrum-Cosmarium quadrum Lundell
b7c269d7-5b91-4079-a9bd-2816a627ce85,,species,Cosmarium sportella Brebisson,Plantae-Viridiplantae-Chlorophytes-Chlorophyta-Zygnematophyceae-Zygnematales-Desmidiaceae-Cosmarium-sportella-Cosmarium sportella Brebisson
bcc5b306-5eaf-4508-a3d9-b50b3fbaa0dc,,infraspecies,Cosmarium sportella var. sportella Yamagishi,Plantae-Viridiplantae-Chlorophytes-Chlorophyta-Zygnematophyceae-Zygnematales-Desmidiaceae-Cosmarium-sportella-sportella-Cosmarium sportella var. sportella Yamagishi
bd97628d-f5e4-47d0-a144-096167a02984,,species,Cosmarium subcrenatum Hantzsch,Plantae-Viridiplantae-Chlorophytes-Chlorophyta-Zygnematophyceae-Zygnematales-Desmidiaceae-Cosmarium-subcrenatum-Cosmarium subcrenatum Hantzsch
d9372dbb-6d72-4602-a8e4-2120cd4e280b,,species,Cosmarium subgranatum,Plantae-Viridiplantae-Chlorophytes-Chlorophyta-Zygnematophyceae-Zygnematales-Desmidiaceae-Cosmarium-subgranatum-Cosmarium subgranatum
b34f05f9-ac38-4fd6-9964-d9d88f5d8411,,infraspecies,Cosmarium subgranatum var. borgei Krieger,Plantae-Viridiplantae-Chlorophytes-Chlorophyta-Zygnematophyceae-Zygnematales-Desmidiaceae-Cosmarium-subgranatum-borgei-Cosmarium subgranatum var. borgei Krieger
9cb953d5-833a-4e43-85d4-aa33535e25d9,,species,Penium margaritaceum (Ehrenberg) Brebisson,Plantae-Viridiplantae-Chlorophytes-Chlorophyta-Zygnematophyceae-Zygnematales-Desmidiaceae-Penium-margaritaceum-Penium margaritaceum (Ehrenberg) Brebisson
8401fbb8-3847-4abf-b20f-308322df6979,,species,Spirogyra spreeiana Rabenh.,Plantae-Viridiplantae-Chlorophytes-Chlorophyta-Zygnematophyceae-Zygnematales-Zygnemataceae-Spirogyra-spreeiana-Spirogyra spreeiana Rabenh.
e656060c-d321-4ea1-a4d6-260aefe03a8e,,species,Hyaloraphidium contotum Pascher & Korschikoff,Plantae-Viridiplantae-Chlorophytes-Chlorophyta-Chlorophyceae-Chlorococcales-Oocystaceae-Hyaloraphidium-contotum-Hyaloraphidium contotum Pascher & Korschikoff
d54b7441-4571-4a3a-87de-3c887df082ca,,species,Cylindrocystis crassa de Bary,Plantae-Viridiplantae-Chlorophytes-Chlorophyta-Zygnematophyceae-Zygnematales-Mesotaeniaceae-Cylindrocystis-crassa-Cylindrocystis crassa de Bary
39f589ce-599a-44e0-9a18-4c60bd7e0d42,,species,Mougeotia parvula Hass.,Plantae-Viridiplantae-Chlorophytes-Chlorophyta-Zygnematophyceae-Zygnematales-Zygnemataceae-Mougeotia-parvula-Mougeotia parvula Hass.
ce0990f8-25e6-41fb-9024-1b44651e58d5,,species,Rhizoclonium hieroglyphicum (Ag.) Kützing,Plantae-Viridiplantae-Chlorophytes-Chlorophyta-Ulvophyceae-Cladophorales-Cladophoraceae-Rhizoclonium-hieroglyphicum-Rhizoclonium hieroglyphicum (Ag.) Kützing
375e1acb-4a8e-4831-a6c1-2a41644cc95e,,order,Bryopsidales,Plantae-Viridiplantae-Chlorophytes-Chlorophyta-Ulvophyceae-Bryopsidales-Bryopsidales
d266f398-b3a7-46b7-9d3e-9b226a8372d3,,family,Udoteaceae,Plantae-Viridiplantae-Chlorophytes-Chlorophyta-Ulvophyceae-Bryopsidales-Udoteaceae-Udoteaceae
2df7cbfe-3b6c-44fb-8b61-5d8b96fdfdfd,,genus,Tydemania,Plantae-Viridiplantae-Chlorophytes-Chlorophyta-Ulvophyceae-Bryopsidales-Udoteaceae-Tydemania-Tydemania
9ba89b56-7794-4f56-9726-5f43733b3b9e,,phylum,Rhodophyta,Plantae-Rhodophyta-Rhodophyta
14715afe-c46e-42b6-9052-dcdc19c3d0bc,,class,Florideophyceae,Plantae-Rhodophyta-Florideophyceae-Florideophyceae
7310d57a-5ee4-4775-8207-d1ee0a565996,,order,Ceramiales,Plantae-Rhodophyta-Florideophyceae-Ceramiales-Ceramiales
2384097a-635c-42df-a89c-6b746f8bac22,,family,Rhodomelaceae,Plantae-Rhodophyta-Florideophyceae-Ceramiales-Rhodomelaceae-Rhodomelaceae
b7bfe221-18d8-42c6-a779-31bb710ab0f7,,genus,Chondria,Plantae-Rhodophyta-Florideophyceae-Ceramiales-Rhodomelaceae-Chondria-Chondria
9c4ffcee-9b00-497b-a40e-b89c67fb8d71,,order,Nemaliales,Plantae-Rhodophyta-Florideophyceae-Nemaliales-Nemaliales
94959409-e5ac-4daa-ab7b-5519e52e7252,,family,Liagoraceae,Plantae-Rhodophyta-Florideophyceae-Nemaliales-Liagoraceae-Liagoraceae
1b490559-113c-45d9-ac33-5492d0bdf9d1,,genus,Ganonema,Plantae-Rhodophyta-Florideophyceae-Nemaliales-Liagoraceae-Ganonema-Ganonema
7857ecde-c1d6-4770-ab3f-b82d52f5327c,C303120303050205040712008000500001000,species,Rhytidiadelphus triquetrus (Hedw.) Warnst. ,Plantae-Viridiplantae-Streptophyta-Embryophyta-Bryophytina-Bryophytes*-Bryopsida-Bryidae-Hypnales-Hylocomiaceae-Rhytidiadelphus-triquetrus-Rhytidiadelphus triquetrus (Hedw.) Warnst. 
885353db-4aa8-4b4f-87e8-1cd9b3006519,C303120303050402050519002000100013002,infraspecies,Aechmea ×hybrida 'Array',Plantae-Viridiplantae-Streptophyta-Embryophyta-Tracheophytina-Euphyllophytes-Spermatopsida-Magnoliidae-Poales-Bromeliaceae-Aechmea-×hybrida-'Array'-Aechmea ×hybrida 'Array'
81a49d92-4b03-4ed6-a57f-621a66f3a519,C303120303050402050533008000100024000,species,Begonia × albopicta Regel ex Regel,Plantae-Viridiplantae-Streptophyta-Embryophyta-Tracheophytina-Euphyllophytes-Spermatopsida-Magnoliidae-Cucurbitales-Begoniaceae-Begonia-× albopicta-Begonia × albopicta Regel ex Regel
a4cc4655-4246-46d5-80f2-04ad9df08040,C303120303050402050533008000100019000,species,Begonia × chungii C.I Peng & S.M.Ku,Plantae-Viridiplantae-Streptophyta-Embryophyta-Tracheophytina-Euphyllophytes-Spermatopsida-Magnoliidae-Cucurbitales-Begoniaceae-Begonia-× chungii-Begonia × chungii C.I Peng & S.M.Ku
9fe38111-3ab5-4c60-b773-32a78dfeffcb,C303120303050402050533008000100014000,species,Begonia × semperflorens-cultorum Anon.,Plantae-Viridiplantae-Streptophyta-Embryophyta-Tracheophytina-Euphyllophytes-Spermatopsida-Magnoliidae-Cucurbitales-Begoniaceae-Begonia-× semperflorens-cultorum-Begonia × semperflorens-cultorum Anon.
185087d1-35ab-4a6b-9b33-8c8160ef4468,C303120303050402050533008000100020000,species,Begonia × taipeiensis C.I Peng,Plantae-Viridiplantae-Streptophyta-Embryophyta-Tracheophytina-Euphyllophytes-Spermatopsida-Magnoliidae-Cucurbitales-Begoniaceae-Begonia-× taipeiensis-Begonia × taipeiensis C.I Peng
56e58a9e-8ba4-41e2-9da9-ac8828e4e18b,,family,Pyramimonadaceae,Plantae-Viridiplantae-Chlorophytes-Chlorophyta-Pyramimonadophyceae-Pyramimonadales-Pyramimonadaceae-Pyramimonadaceae
e104613a-1f2e-4c9d-8710-aa687535a3ee,,class,Chlorodendrophyceae,Plantae-Viridiplantae-Chlorophytes-Chlorophyta-Chlorodendrophyceae-Chlorodendrophyceae
01566f2e-b5c1-44f1-9fbd-e4ae75c9ca3b,,order,Chlorodendrales,Plantae-Viridiplantae-Chlorophytes-Chlorophyta-Chlorodendrophyceae-Chlorodendrales-Chlorodendrales
a20b7f0f-b54e-4314-9e36-71e38b152700,,family,Chlorodendraceae,Plantae-Viridiplantae-Chlorophytes-Chlorophyta-Chlorodendrophyceae-Chlorodendrales-Chlorodendraceae-Chlorodendraceae
7d39b2fa-545a-4e91-8899-9c92185d177a,,species,"Tetraselmis marina (Cienkowski) R.E.Norris, Hori & Chihara","Plantae-Viridiplantae-Chlorophytes-Chlorophyta-Chlorodendrophyceae-Chlorodendrales-Chlorodendraceae-Tetraselmis-marina-Tetraselmis marina (Cienkowski) R.E.Norris, Hori & Chihara"
006af90e-6505-4337-9086-c9beb4974a92,,order,Acrochaetiales,Plantae-Rhodophyta-Florideophyceae-Acrochaetiales-Acrochaetiales
f3fa9043-410b-464d-8770-5dc01f1e7367,,family,Acrochaetiaceae,Plantae-Rhodophyta-Florideophyceae-Acrochaetiales-Acrochaetiaceae-Acrochaetiaceae
d20d6737-8749-4665-a97f-bac2b698b13d,,genus,Acrochaetium,Plantae-Rhodophyta-Florideophyceae-Acrochaetiales-Acrochaetiaceae-Acrochaetium-Acrochaetium
9d76c4fa-6158-458c-b944-e522181d7a5a,,order,Trebouxiales,Plantae-Viridiplantae-Chlorophytes-Chlorophyta-Trebouxiophyceae-Trebouxiales-Trebouxiales
4679022a-3d7f-42f6-9bf0-3c9631f7e310,,class,Pyramimonadophyceae,Plantae-Viridiplantae-Chlorophytes-Chlorophyta-Pyramimonadophyceae-Pyramimonadophyceae
43fd292b-d3e7-4311-9540-5326b3627890,C303120303050402060000000000000000000,class,Euphyllophytes classis incertae sedis,Plantae-Viridiplantae-Streptophyta-Embryophyta-Tracheophytina-Euphyllophytes-Euphyllophytes classis incertae sedis-Euphyllophytes classis incertae sedis
f90ee25c-5143-40e0-8522-679f59595673,C303120303050402060100000000000000000,subclass,Euphyllophytes subclassis incertae sedis,Plantae-Viridiplantae-Streptophyta-Embryophyta-Tracheophytina-Euphyllophytes-Euphyllophytes classis incertae sedis-Euphyllophytes subclassis incertae sedis-Euphyllophytes subclassis incertae sedis
1df45c6e-9b6f-499c-8cfb-ad7524f49469,C303120303050402060101000000000000000,order,Euphyllophytes ordo incertae sedis,Plantae-Viridiplantae-Streptophyta-Embryophyta-Tracheophytina-Euphyllophytes-Euphyllophytes classis incertae sedis-Euphyllophytes subclassis incertae sedis-Euphyllophytes ordo incertae sedis-Euphyllophytes ordo incertae sedis
ae9f7e22-26cd-4e30-a788-e380bdabcbb0,C303120303050402060101001000000000000,family,Euphyllophytes familia incertae sedis,Plantae-Viridiplantae-Streptophyta-Embryophyta-Tracheophytina-Euphyllophytes-Euphyllophytes classis incertae sedis-Euphyllophytes subclassis incertae sedis-Euphyllophytes ordo incertae sedis-Euphyllophytes familia incertae sedis-Euphyllophytes familia incertae sedis
b7d03fe1-5230-4e0c-8c1e-d7bdb5aa8dd4,C303120303050402060101001000100000000,genus,Pecopteris,Plantae-Viridiplantae-Streptophyta-Embryophyta-Tracheophytina-Euphyllophytes-Euphyllophytes classis incertae sedis-Euphyllophytes subclassis incertae sedis-Euphyllophytes ordo incertae sedis-Euphyllophytes familia incertae sedis-Pecopteris-Pecopteris
03f7513a-087a-415a-b72e-66fd96376201,,order,Gigartinales,Plantae-Rhodophyta-Florideophyceae-Gigartinales-Gigartinales
d8f475b1-4b15-4fe9-ac79-8dd4a199f057,,family,Phyllophoraceae,Plantae-Rhodophyta-Florideophyceae-Gigartinales-Phyllophoraceae-Phyllophoraceae
38434328-b9b3-49b1-b4bc-2d75cf7f17d2,,genus,Ahnfeltiopsis,Plantae-Rhodophyta-Florideophyceae-Gigartinales-Phyllophoraceae-Ahnfeltiopsis-Ahnfeltiopsis
447443ec-207c-4889-877f-8f8578fbef03,,species,"Ahnfeltiopsis flabelliformis (Harvey) Masuda, 1993","Plantae-Rhodophyta-Florideophyceae-Gigartinales-Phyllophoraceae-Ahnfeltiopsis-flabelliformis-Ahnfeltiopsis flabelliformis (Harvey) Masuda, 1993"
2ce6c8a6-a774-4bac-ba18-6ca6a7048b92,,order,Corallinales,Plantae-Rhodophyta-Florideophyceae-Corallinales-Corallinales
910d860d-11a2-42a1-8600-e5a002729468,,family,Lithophyllaceae,Plantae-Rhodophyta-Florideophyceae-Corallinales-Lithophyllaceae-Lithophyllaceae
797fa3a4-90b3-4cb2-adf4-59572fd87207,,genus,Amphiroa,Plantae-Rhodophyta-Florideophyceae-Corallinales-Lithophyllaceae-Amphiroa-Amphiroa
97465a75-83d3-449b-858b-7a7c5b86a7bb,,species,Amphiroa fragilissima (Linnaeus) J.V.Lamouroux 1816,Plantae-Rhodophyta-Florideophyceae-Corallinales-Lithophyllaceae-Amphiroa-fragilissima-Amphiroa fragilissima (Linnaeus) J.V.Lamouroux 1816
edbca36c-f407-4983-ac0b-2eb151f09d43,,family,Dichotomosiphonaceae,Plantae-Viridiplantae-Chlorophytes-Chlorophyta-Ulvophyceae-Bryopsidales-Dichotomosiphonaceae-Dichotomosiphonaceae
d2d80f64-835f-4246-bd03-9cccd932ed7b,,genus,Avrainvillea,Plantae-Viridiplantae-Chlorophytes-Chlorophyta-Ulvophyceae-Bryopsidales-Dichotomosiphonaceae-Avrainvillea-Avrainvillea
c88b0fd2-4a7b-4c4c-9193-9b4fc224e972,,species,"Avrainvillea erecta (Berkeley) A. Gepp & E. S. Gepp, 1911","Plantae-Viridiplantae-Chlorophytes-Chlorophyta-Ulvophyceae-Bryopsidales-Dichotomosiphonaceae-Avrainvillea-erecta-Avrainvillea erecta (Berkeley) A. Gepp & E. S. Gepp, 1911"
1bdd098a-e733-4dd7-94ff-7fd943429848,,class,Bangiophyceae,Plantae-Rhodophyta-Bangiophyceae-Bangiophyceae
1f3a38e7-3b9f-480e-9bc8-641a921e546a,,order,Bangiales,Plantae-Rhodophyta-Bangiophyceae-Bangiales-Bangiales
1b96becd-3579-4260-8fb8-54062ee87f77,,family,Bangiaceae,Plantae-Rhodophyta-Bangiophyceae-Bangiales-Bangiaceae-Bangiaceae
74956ac0-1916-4847-a7b9-2905cf5e425e,,genus,Bangia,Plantae-Rhodophyta-Bangiophyceae-Bangiales-Bangiaceae-Bangia-Bangia
876d2c00-86c1-422e-85e5-17373033e465,,species,"Bangia atropurpurea (Roth) C. Agardh, 1824","Plantae-Rhodophyta-Bangiophyceae-Bangiales-Bangiaceae-Bangia-atropurpurea-Bangia atropurpurea (Roth) C. Agardh, 1824"
d9d1b20a-a62f-4ecf-8d71-7cbd55b1f281,,family,Caulacanthaceae,Plantae-Rhodophyta-Florideophyceae-Gigartinales-Caulacanthaceae-Caulacanthaceae
7ac4c59b-3a02-4200-a766-a58784f3a977,,genus,Caulacanthus,Plantae-Rhodophyta-Florideophyceae-Gigartinales-Caulacanthaceae-Caulacanthus-Caulacanthus
7c8eec66-7f08-48ac-8190-1c4445ff136c,,species,Caulacanthus okamurae Yamada,Plantae-Rhodophyta-Florideophyceae-Gigartinales-Caulacanthaceae-Caulacanthus-okamurae-Caulacanthus okamurae Yamada
c16e3c04-c517-4784-9a48-4c61ba2ebb2d,,order,Desmidiales,Plantae-Viridiplantae-Chlorophytes-Chlorophyta-Zygnematophyceae-Desmidiales-Desmidiales
62975737-a341-4bc6-b060-687df2db5a55,,order,Sphaeropleales,Plantae-Viridiplantae-Chlorophytes-Chlorophyta-Chlorophyceae-Sphaeropleales-Sphaeropleales
794e86ea-d169-43d8-bf4d-9bf0619bc104,,family,Codiaceae,Plantae-Viridiplantae-Chlorophytes-Chlorophyta-Ulvophyceae-Bryopsidales-Codiaceae-Codiaceae
d1a6fb16-445b-4493-b09a-62866c013ea6,,genus,Codium,Plantae-Viridiplantae-Chlorophytes-Chlorophyta-Ulvophyceae-Bryopsidales-Codiaceae-Codium-Codium
8baf1ab3-189b-4a29-94f6-38f9af3f76f7,,species,"Codium fragile (Suringar) Hariot, 1889","Plantae-Viridiplantae-Chlorophytes-Chlorophyta-Ulvophyceae-Bryopsidales-Codiaceae-Codium-fragile-Codium fragile (Suringar) Hariot, 1889"
187eaa0d-9df6-4066-ac61-24746cb1cf03,,genus,Euastrum,Plantae-Viridiplantae-Chlorophytes-Chlorophyta-Zygnematophyceae-Zygnematales-Desmidiaceae-Euastrum-Euastrum
c9b4b4cf-59a9-4a4b-a7bf-34c2dd75f1fe,,species,Euastrum sinuosum,Plantae-Viridiplantae-Chlorophytes-Chlorophyta-Zygnematophyceae-Zygnematales-Desmidiaceae-Euastrum-sinuosum-Euastrum sinuosum
80ed5264-c108-4770-97db-7387113daa02,,infraspecies,Euastrum sinuosum var. perforatum Krieger,Plantae-Viridiplantae-Chlorophytes-Chlorophyta-Zygnematophyceae-Zygnematales-Desmidiaceae-Euastrum-sinuosum-perforatum-Euastrum sinuosum var. perforatum Krieger
1ff5c161-9a9a-4ac6-bf30-d399926ed2a9,C303120303050402050530002007400006000,species,"Mucuna oui P.H.Chen, A.C.Chung, Sheng Z.Yang & C.C.Wang","Plantae-Viridiplantae-Streptophyta-Embryophyta-Tracheophytina-Euphyllophytes-Spermatopsida-Magnoliidae-Fabales-Fabaceae-Mucuna-oui-Mucuna oui P.H.Chen, A.C.Chung, Sheng Z.Yang & C.C.Wang"
6966ef1a-e73a-47a3-ba99-b3f99c3015e6,C303120303050402060101001000100001000,species,Pecopteris cyathea (Schloth.) Brongn.,Plantae-Viridiplantae-Streptophyta-Embryophyta-Tracheophytina-Euphyllophytes-Euphyllophytes classis incertae sedis-Euphyllophytes subclassis incertae sedis-Euphyllophytes ordo incertae sedis-Euphyllophytes familia incertae sedis-Pecopteris-cyathea-Pecopteris cyathea (Schloth.) Brongn.
622e2ede-a05a-4e07-9d0e-95b0c6607612,,order,Bonnemaisoniales,Plantae-Rhodophyta-Florideophyceae-Bonnemaisoniales-Bonnemaisoniales
2aff302c-4d30-4cd8-a6ef-407243660c15,,family,Bonnemaisoniaceae,Plantae-Rhodophyta-Florideophyceae-Bonnemaisoniales-Bonnemaisoniaceae-Bonnemaisoniaceae
47b26af4-8aeb-4ef8-86f3-03d077be7942,,genus,Asparagopsis,Plantae-Rhodophyta-Florideophyceae-Bonnemaisoniales-Bonnemaisoniaceae-Asparagopsis-Asparagopsis
17d2f8f0-3601-4ad9-87eb-322179ce5f91,,species,Asparagopsis taxiformis  (Delile) Trevisan de Saint-Léon 1845,Plantae-Rhodophyta-Florideophyceae-Bonnemaisoniales-Bonnemaisoniaceae-Asparagopsis-taxiformis-Asparagopsis taxiformis  (Delile) Trevisan de Saint-Léon 1845
d21fd3f8-359f-4a83-83c0-49d0c89979ec,,family,Mastophoraceae,Plantae-Rhodophyta-Florideophyceae-Corallinales-Mastophoraceae-Mastophoraceae
11e1534f-d015-4c64-8aad-678932d4ad35,,genus,Mastophora,Plantae-Rhodophyta-Florideophyceae-Corallinales-Mastophoraceae-Mastophora-Mastophora
0a165648-211b-4d68-af6a-81174f62673e,,species,Mastophora rosea (C.Agardh) Setchell 1943,Plantae-Rhodophyta-Florideophyceae-Corallinales-Mastophoraceae-Mastophora-rosea-Mastophora rosea (C.Agardh) Setchell 1943
4fd16dfb-30d9-47ce-8fe3-7c2f75f51586,,family,Caulerpaceae,Plantae-Viridiplantae-Chlorophytes-Chlorophyta-Ulvophyceae-Bryopsidales-Caulerpaceae-Caulerpaceae
595767c6-8c96-43b9-aabc-60b526c30ab1,,genus,Caulerpa,Plantae-Viridiplantae-Chlorophytes-Chlorophyta-Ulvophyceae-Bryopsidales-Caulerpaceae-Caulerpa-Caulerpa
655ac58d-8dd6-4c3f-99ea-d7c621582c62,,species,Caulerpa racemosa (Forssk.) J.Agardh,Plantae-Viridiplantae-Chlorophytes-Chlorophyta-Ulvophyceae-Bryopsidales-Caulerpaceae-Caulerpa-racemosa-Caulerpa racemosa (Forssk.) J.Agardh
4e0df673-e5aa-4ee7-8da2-6db32b655362,,family,Dumontiaceae,Plantae-Rhodophyta-Florideophyceae-Gigartinales-Dumontiaceae-Dumontiaceae
166dd2ae-0654-4655-8c2d-d1381e8360e8,,genus,Dudresnaya,Plantae-Rhodophyta-Florideophyceae-Gigartinales-Dumontiaceae-Dudresnaya-Dudresnaya
62a52e56-fc0b-40ba-82c3-5943095c3594,,species,Dudresnaya japonica Okamura 1902,Plantae-Rhodophyta-Florideophyceae-Gigartinales-Dumontiaceae-Dudresnaya-japonica-Dudresnaya japonica Okamura 1902
b7fd78c0-78be-4ff3-b1fc-c4290d8b9a24,,order,Acrosymphytales,Plantae-Rhodophyta-Florideophyceae-Acrosymphytales-Acrosymphytales
5a595c77-cbfe-4a81-9a9d-c1ff9bcc6c55,,family,Schimmelmanniaceae,Plantae-Rhodophyta-Florideophyceae-Acrosymphytales-Schimmelmanniaceae-Schimmelmanniaceae
4b8ec0a8-506e-4dc5-b527-0b17c6ec8a87,,genus,Hypnea,Plantae-Rhodophyta-Florideophyceae-Acrosymphytales-Schimmelmanniaceae-Hypnea-Hypnea
0154a6b3-5db0-4bd9-acf5-2406ae47cf26,,species,Hypnea pannosa J.Agardh 1847,Plantae-Rhodophyta-Florideophyceae-Acrosymphytales-Schimmelmanniaceae-Hypnea-pannosa-Hypnea pannosa J.Agardh 1847
a3d10c9b-607d-4f1c-b9d5-ae59c3165fba,,family,Valoniaceae,Plantae-Viridiplantae-Chlorophytes-Chlorophyta-Ulvophyceae-Cladophorales-Valoniaceae-Valoniaceae
c8306873-f3b5-4de5-88a3-d280a6711898,,genus,Valoniopsis,Plantae-Viridiplantae-Chlorophytes-Chlorophyta-Ulvophyceae-Cladophorales-Valoniaceae-Valoniopsis-Valoniopsis
5b2f11f7-56c6-462e-8075-3a962da6e5f8,,species,Valoniopsis pachynema (G.Martens) Børgesen 1934,Plantae-Viridiplantae-Chlorophytes-Chlorophyta-Ulvophyceae-Cladophorales-Valoniaceae-Valoniopsis-pachynema-Valoniopsis pachynema (G.Martens) Børgesen 1934
38ff5ecc-6f80-460a-bdce-42f3f30a6afd,,family,Siphonocladaceae,Plantae-Viridiplantae-Chlorophytes-Chlorophyta-Ulvophyceae-Cladophorales-Siphonocladaceae-Siphonocladaceae
fb56846d-d09e-41fd-b42d-07a737a3c7d1,,genus,Dictyosphaeria,Plantae-Viridiplantae-Chlorophytes-Chlorophyta-Ulvophyceae-Cladophorales-Siphonocladaceae-Dictyosphaeria-Dictyosphaeria
1ab92d16-7eeb-4634-b6ea-03e094f81dc1,,species,Dictyosphaeria cavernosa (Forsskål) Børgesen 1932,Plantae-Viridiplantae-Chlorophytes-Chlorophyta-Ulvophyceae-Cladophorales-Siphonocladaceae-Dictyosphaeria-cavernosa-Dictyosphaeria cavernosa (Forsskål) Børgesen 1932
fd232276-4805-47ce-9045-c604e00a6878,,family,Gigartinaceae,Plantae-Rhodophyta-Florideophyceae-Gigartinales-Gigartinaceae-Gigartinaceae
1eaf964d-be08-47ae-a0f1-35db6490e3bb,,genus,Chondrus,Plantae-Rhodophyta-Florideophyceae-Gigartinales-Gigartinaceae-Chondrus-Chondrus
adad12dc-9613-476e-b412-37e391fcba48,C303120303050402050536027000200002002,infraspecies,Passiflora foetida var. hispida (DC. ex Triana & Planch.) Killip,Plantae-Viridiplantae-Streptophyta-Embryophyta-Tracheophytina-Euphyllophytes-Spermatopsida-Magnoliidae-Malpighiales-Passifloraceae-Passiflora-foetida-hispida-Passiflora foetida var. hispida (DC. ex Triana & Planch.) Killip
8ea2f55c-1de8-4375-b15f-bbc76894f0dd,C303120303050402050549021003300025001,infraspecies,Rhododendron × pulchrum 'Big Purple',Plantae-Viridiplantae-Streptophyta-Embryophyta-Tracheophytina-Euphyllophytes-Spermatopsida-Magnoliidae-Ericales-Ericaceae-Rhododendron-× pulchrum-'Big Purple'-Rhododendron × pulchrum 'Big Purple'
3fbadc15-5309-4b31-8136-459e9aec368a,C303120303050402050549021003300025002,infraspecies,Rhododendron × pulchrum 'Shu',Plantae-Viridiplantae-Streptophyta-Embryophyta-Tracheophytina-Euphyllophytes-Spermatopsida-Magnoliidae-Ericales-Ericaceae-Rhododendron-× pulchrum-'Shu'-Rhododendron × pulchrum 'Shu'
3a2379af-82ae-4354-8953-8a3094a983da,C303120303050402050549021003300025003,infraspecies,Rhododendron × pulchrum 'Baimiao',Plantae-Viridiplantae-Streptophyta-Embryophyta-Tracheophytina-Euphyllophytes-Spermatopsida-Magnoliidae-Ericales-Ericaceae-Rhododendron-× pulchrum-'Baimiao'-Rhododendron × pulchrum 'Baimiao'
